<?xml version="1.0"?>
<GXClientConfig xmlns:xsi="http://www.w3.org/2001/XMLSchema-instance" xmlns:xsd="http://www.w3.org/2001/XMLSchema">
  <EngineConfig>
    <DebugModules>z_engine.js,z_window.js,z_typeAhead.js,z_typeAheadV2.js,z_emulator.js,z_ndt.js,z_keyboardMapping.js,z_browserUtil.js,z_log.js,z_stringUtil.js,z_event.js</DebugModules>
    <DefaultFrameColumns>100%</DefaultFrameColumns>
    <LogLevel>0</LogLevel>
    <LogoffMessage>The session will be disconnected. Would you like to continue?</LogoffMessage>
    <LogoffOnBrowserClose>true</LogoffOnBrowserClose>
    <MozillaLogoffMessage>The session will be disconnected. Would you like to continue?</MozillaLogoffMessage>
    <PromptOnBrowserClose>true</PromptOnBrowserClose>
    <ShowLogConsole>false</ShowLogConsole>
  </EngineConfig>
  <InstantEmulatorConfig>
    <AutoSkipAllFields>false</AutoSkipAllFields>
    <BlinkingCaret>false</BlinkingCaret>
    <BlockNumericFields>false</BlockNumericFields>
    <CaretAtEndOfField>false</CaretAtEndOfField>
    <ColorSets />
    <DoJapaneseDataTypeValidityCheck>false</DoJapaneseDataTypeValidityCheck>
    <DoubleClickActionKey>[enter]</DoubleClickActionKey>
    <EmulationPasteBehavior>true</EmulationPasteBehavior>
    <HandleMenuSelection>false</HandleMenuSelection>
    <LabelFocus>1</LabelFocus>
    <SelectFieldOnFocus>true</SelectFieldOnFocus>
    <ShowBlinkingFields>true</ShowBlinkingFields>
    <TabOnInputsOnly>true</TabOnInputsOnly>
    <UseArrows>1</UseArrows>
    <UseKeyboardPfKeys>true</UseKeyboardPfKeys>
  </InstantEmulatorConfig>
  <WebEmulatorConfig>
    <AutoSkipAllFields>false</AutoSkipAllFields>
    <BlinkingCaret>false</BlinkingCaret>
    <BlockNumericFields>false</BlockNumericFields>
    <CaretAtEndOfField>false</CaretAtEndOfField>
    <DoJapaneseDataTypeValidityCheck>false</DoJapaneseDataTypeValidityCheck>
    <DoubleClickActionKey>[enter]</DoubleClickActionKey>
    <EmulationPasteBehavior>true</EmulationPasteBehavior>
    <HandleMenuSelection>false</HandleMenuSelection>
    <LabelFocus>0</LabelFocus>
    <SelectFieldOnFocus>true</SelectFieldOnFocus>
    <ShowBlinkingFields>false</ShowBlinkingFields>
    <TabOnInputsOnly>false</TabOnInputsOnly>
    <UseArrows>1</UseArrows>
    <UseKeyboardPfKeys>true</UseKeyboardPfKeys>
    <AttachInputTagEvents>true</AttachInputTagEvents>
    <CheckHostScreenUpdate>true</CheckHostScreenUpdate>
    <LoadEmulationComponent>false</LoadEmulationComponent>
    <LoadPrinter>false</LoadPrinter>
    <SupportTypeAheadV2>false</SupportTypeAheadV2>
    <UserExitsFile>js/userExits.js</UserExitsFile>
  </WebEmulatorConfig>
  <WindowConfig>
    <DefaultOpenedWindowHeight>500</DefaultOpenedWindowHeight>
    <DefaultOpenedWindowLeft>1</DefaultOpenedWindowLeft>
    <DefaultOpenedWindowTop>1</DefaultOpenedWindowTop>
    <DefaultOpenedWindowWidth>700</DefaultOpenedWindowWidth>
    <OpenWindowCenter>true</OpenWindowCenter>
    <OpenedWindowAttributes>resizable=yes,status=yes,toolbar=no,scrollbars=no</OpenedWindowAttributes>
    <PopupCloseSentKey>[pf3]</PopupCloseSentKey>
  </WindowConfig>
</GXClientConfig>