﻿<?xml version="1.0" encoding="utf-8"?>
<log4net>
  <appender name="FRAMEWORK_LOG" type="com.sabratec.dotnet.log.GXFrameworkLogAppender">
    <file value="logs/gxlog.txt" />
    <appendToFile value="true" />
    <maxSizeRollBackups value="10" />
    <maximumFileSize value="1000000" />
    <rollingStyle value="Size" />
    <staticLogFileName value="true" />
    <layout type="log4net.Layout.PatternLayout">
      <conversionPattern value="%date [%thread] %-5level %logger [%ndc] - %message%newline" />
    </layout>
  </appender>
  <appender name="PERFORMANCE_LOG" type="com.sabratec.dotnet.log.GXPerformanceLogAppender">
    <file value="logs/PerformanceLog.csv" />
    <writeFlat value="true" />
  </appender>
  <appender name="JAVASCRIPT_LOG" type="com.sabratec.dotnet.log.GXFrameworkLogAppender">
    <file value="logs/javascript_log.txt" />
    <appendToFile value="true" />
    <maxSizeRollBackups value="10" />
    <maximumFileSize value="1000000" />
    <rollingStyle value="Size" />
    <staticLogFileName value="true" />
    <layout type="log4net.Layout.PatternLayout">
      <conversionPattern value="%message%newline" />
    </layout>
  </appender>
  <root>
    <level value="OFF" />
    <appender-ref ref="LogFileAppender" />
  </root>
  <logger name="com.sabratec">
    <level value="INFO" />
    <appender-ref ref="FRAMEWORK_LOG" />
  </logger>
  <logger additivity="true" name="com.sabratec.applinx.framework.performance_log">
    <level value="INFO" />
    <appender-ref ref="PERFORMANCE_LOG" />
  </logger>
  <logger additivity="false" name="com.sabratec.applinx.framework.web.jsengine.javascriptData">
    <level value="INFO" />
    <appender-ref ref="JAVASCRIPT_LOG" />
  </logger>
</log4net>