<?xml version="1.0"?>
<GXWebAppConfig xmlns:xsi="http://www.w3.org/2001/XMLSchema-instance" xmlns:xsd="http://www.w3.org/2001/XMLSchema">
  <DesignMode>true</DesignMode>
  <ErrorForm />
  <FieldTypesInUse>1</FieldTypesInUse>
  <FtpConfig>
    <HostAddress />
    <HostType>999</HostType>
  </FtpConfig>
  <IndexForm />
  <Instant>false</Instant>
  <InstantConfig>
    <Dynamic>true</Dynamic>
    <EmulationConfig>
      <Enabled>true</Enabled>
      <ClientBlinking>true</ClientBlinking>
      <ColorMode>0</ColorMode>
      <RenderAppFieldCss>true</RenderAppFieldCss>
      <RenderEmulationAttributes>true</RenderEmulationAttributes>
      <RenderIntensifiedCss>true</RenderIntensifiedCss>
    </EmulationConfig>
    <FontFamily />
    <FontSize>0</FontSize>
    <GuiElementsConfig>
      <Enabled>true</Enabled>
      <AdjustNeighbours>true</AdjustNeighbours>
      <Alignment>1</Alignment>
      <CheckboxCss>gx_chk</CheckboxCss>
      <ComboboxCss>gx_cbo</ComboboxCss>
      <RadioButtonCss>gx_rdo</RadioButtonCss>
    </GuiElementsConfig>
    <HostKeysConfig>
      <Enabled>true</Enabled>
      <HostKeyCss>gx_hky</HostKeyCss>
      <RenderingType>2</RenderingType>
    </HostKeysConfig>
    <PaintAllColumnHeight>false</PaintAllColumnHeight>
    <Rectangle>
      <EndColumn>80</EndColumn>
      <EndRow>24</EndRow>
      <StartColumn>1</StartColumn>
      <StartRow>1</StartRow>
    </Rectangle>
    <RenderArea>
      <EndColumn>80</EndColumn>
      <EndRow>24</EndRow>
      <StartColumn>1</StartColumn>
      <StartRow>1</StartRow>
    </RenderArea>
    <RenderTagsFromRightToLeft>false</RenderTagsFromRightToLeft>
    <RowSpacingPrecentageFactor>53</RowSpacingPrecentageFactor>
    <TableConfig>
      <Enabled>true</Enabled>
      <AdjustNeighbours>true</AdjustNeighbours>
      <RenderAlternatingCssClass>true</RenderAlternatingCssClass>
      <TableAlternating1CssClass>gx_tbl_alternating1</TableAlternating1CssClass>
      <TableAlternating2CssClass>gx_tbl_alternating2</TableAlternating2CssClass>
      <TableCssClass>gx_tbl</TableCssClass>
      <WindowRelative>false</WindowRelative>
    </TableConfig>
    <WindowFrameConfig>
      <Enabled>true</Enabled>
      <HideOnly>false</HideOnly>
      <TitleWindowFrameCssClass>gx_wnd_title</TitleWindowFrameCssClass>
      <WindowFrameCssClass>gx_wnd</WindowFrameCssClass>
    </WindowFrameConfig>
  </InstantConfig>
  <InstantForm />
  <InstantWinForm />
  <IsInstant>false</IsInstant>
  <MacroConfig>
    <EncryptData>true</EncryptData>
    <Flicker>0</Flicker>
    <MacrosFolder>z_emulationDialogs/userMacros</MacrosFolder>
    <SaveUserNameLocally>true</SaveUserNameLocally>
    <UserName>$(IP)</UserName>
  </MacroConfig>
  <PerformSyncCheckInInstant>false</PerformSyncCheckInInstant>
  <ProceduresConfig>
    <ServerPort>0</ServerPort>
    <ServiceName />
    <Variables />
  </ProceduresConfig>
  <ReflectBGColors>false</ReflectBGColors>
  <ReflectEmulationBehaviour>false</ReflectEmulationBehaviour>
  <ReflectFGColors>false</ReflectFGColors>
  <ReflectHostCursor>false</ReflectHostCursor>
  <ReflectHostProtected>true</ReflectHostProtected>
  <ReflectMaxlength>false</ReflectMaxlength>
  <SessionConfig>
    <ApplicationName>WCS</ApplicationName>
    <Description>$(IP)</Description>
    <FailOnWarning>false</FailOnWarning>
    <HostPassword />
    <HostUserName />
    <Password />
    <ServerURL>applinx://localhost:2323</ServerURL>
    <ServiceName />
    <SessionId>$(SESSION_ID)</SessionId>
    <ShowIntermediateScreen>false</ShowIntermediateScreen>
    <Variables />
  </SessionConfig>
  <SingleSignOnConfig>
    <Enabled>false</Enabled>
  </SingleSignOnConfig>
  <SsoConfig>
    <Enabled>false</Enabled>
  </SsoConfig>
  <SupportDupAndFieldMark>false</SupportDupAndFieldMark>
  <TableBuildConfig>
    <AlternateColors>true</AlternateColors>
    <AlternateCssName>gx_tbl_alternating2</AlternateCssName>
    <CloneComboxOnClientSide>true</CloneComboxOnClientSide>
    <FromRow>1</FromRow>
    <ReflectBGColor>false</ReflectBGColor>
    <ReflectFGColor>false</ReflectFGColor>
    <ReflectHostProtected>false</ReflectHostProtected>
    <ToRow>1</ToRow>
  </TableBuildConfig>
  <TrimLabels>false</TrimLabels>
  <UseFolders>false</UseFolders>
  <UseModalWindows>false</UseModalWindows>
  <UseScreenGroups>true</UseScreenGroups>
  <AddJavascript>false</AddJavascript>
  <CaptureBrowserClose>false</CaptureBrowserClose>
  <DynamicDisableCssClass />
  <LogOffForm />
  <NaturalDataTransferConfig>
    <AutomaticDownload>false</AutomaticDownload>
    <DefaultExtension>txt</DefaultExtension>
  </NaturalDataTransferConfig>
  <PromptBeforeSessionTimeOut>true</PromptBeforeSessionTimeOut>
  <ScreenLocker>template/screenLocker.htm</ScreenLocker>
  <TerminationPath />
  <UseCalendar>true</UseCalendar>
  <UseFramesForSubmit>false</UseFramesForSubmit>
  <UseJavaScriptsAsResource>true</UseJavaScriptsAsResource>
  <UseOldJSEngine>false</UseOldJSEngine>
  <UseScriptsInPage>false</UseScriptsInPage>
  <UseStateManager>false</UseStateManager>
  <VirtualDir>WCS</VirtualDir>
  <WebWindowName>WCS</WebWindowName>
  <WritePerformanceLog>false</WritePerformanceLog>
</GXWebAppConfig>