﻿<?xml version="1.0" encoding="utf-8"?>
<menu>
  <entry>
    <text>Favourites                                             </text>
    <url> </url>
    <entry>
      <text>Modify personal menu                                   </text>
      <url>Javascript:placeTitle('#PER-MODI')</url>
    </entry>
  </entry>
  <entry>
    <text>Masakhe emerging contractors                           </text>
    <url> </url>
    <entry>
      <text>Register/update contractor particulars                 </text>
      <url>Javascript:placeTitle('#WI01PU  ')</url>
    </entry>
    <entry>
      <text>Enquiry: contractor particulars                        </text>
      <url>Javascript:placeTitle('#WI02PE  ')</url>
    </entry>
    <entry>
      <text>Update : contractor business detail                    </text>
      <url>Javascript:placeTitle('#WI03PU  ')</url>
    </entry>
    <entry>
      <text>Enquiry: contractor business detail                    </text>
      <url>Javascript:placeTitle('#WI04PE  ')</url>
    </entry>
    <entry>
      <text>Update : beneficiary scm detail                        </text>
      <url>Javascript:placeTitle('#WI12PU  ')</url>
    </entry>
    <entry>
      <text>Update : masakhe mentor detail                         </text>
      <url>Javascript:placeTitle('#WG28PU  ')</url>
    </entry>
    <entry>
      <text>Enquiry: masakhe mentor detail                         </text>
      <url>Javascript:placeTitle('#WG29PE  ')</url>
    </entry>
    <entry>
      <text>Update : masakhe assessment                            </text>
      <url>Javascript:placeTitle('#WG30PU  ')</url>
    </entry>
    <entry>
      <text>Enquiry: masakhe assessment                            </text>
      <url>Javascript:placeTitle('#WG31PE  ')</url>
    </entry>
    <entry>
      <text>Enquiry: mentorship milestone questions                </text>
      <url>Javascript:placeTitle('#WG08PE  ')</url>
    </entry>
  </entry>
</menu>