﻿<?xml version="1.0" encoding="utf-8"?>
<menu>
  <entry>
    <text>Favourites                                             </text>
    <url> </url>
    <entry>
      <text>Modify personal menu                                   </text>
      <url>Javascript:placeTitle('#PER-MODI')</url>
    </entry>
  </entry>
  <entry>
    <text>Works information management system                    </text>
    <url> </url>
    <entry>
      <text>Tender and contract administration                     </text>
      <url> </url>
      <entry>
        <text>Update : expanded public works program (epwp) data     </text>
        <url>Javascript:placeTitle('#WG26PU  ')</url>
      </entry>
      <entry>
        <text>Enquiry: expanded public works program (epwp) data     </text>
        <url>Javascript:placeTitle('#WG27PE  ')</url>
      </entry>
      <entry>
        <text>Enquiry: contract expend per service (excl. fees)      </text>
        <url>Javascript:placeTitle('#WG18PE  ')</url>
      </entry>
    </entry>
  </entry>
  <entry>
    <text>Masakhe emerging contractors                           </text>
    <url> </url>
    <entry>
      <text>Enquiry: contractor particulars                        </text>
      <url>Javascript:placeTitle('#WI02PE  ')</url>
    </entry>
    <entry>
      <text>Enquiry: contractor business detail                    </text>
      <url>Javascript:placeTitle('#WI04PE  ')</url>
    </entry>
    <entry>
      <text>Enquiry: masakhe mentor detail                         </text>
      <url>Javascript:placeTitle('#WG29PE  ')</url>
    </entry>
    <entry>
      <text>Enquiry: masakhe assessment                            </text>
      <url>Javascript:placeTitle('#WG31PE  ')</url>
    </entry>
    <entry>
      <text>Enquiry: mentorship milestone questions                </text>
      <url>Javascript:placeTitle('#WG08PE  ')</url>
    </entry>
  </entry>
</menu>