﻿<?xml version="1.0" encoding="utf-8"?>
<menu>
  <entry>
    <text>Works information management system                    </text>
    <url> </url>
    <entry>
      <text>Service administration                                 </text>
      <url> </url>
      <entry>
        <text>General service administration                         </text>
        <url> </url>
        <entry>
          <text>Update : service                                       </text>
          <url>Javascript:placeTitle('#WA02PU  ')</url>
        </entry>
        <entry>
          <text>Enquiry: service                                       </text>
          <url>Javascript:placeTitle('#WA03PE  ')</url>
        </entry>
        <entry>
          <text>Enquiry: service status audit                          </text>
          <url>Javascript:placeTitle('#WA19PE  ')</url>
        </entry>
        <entry>
          <text>Enquiry: audit trail per function, user or date        </text>
          <url>Javascript:placeTitle('#WY01PE  ')</url>
        </entry>
        <entry>
          <text>Budget control                                         </text>
          <url>Javascript:placeTitle('#WA14PE  ')</url>
        </entry>
        <entry>
          <text>Budget control                                         </text>
          <url>Javascript:placeTitle('#WA16PE  ')</url>
        </entry>
        <entry>
          <text>Budget control                                         </text>
          <url>Javascript:placeTitle('#WA24PE  ')</url>
        </entry>
      </entry>
      <entry>
        <text>System comments                                        </text>
        <url> </url>
        <entry>
          <text>Create : service comments                              </text>
          <url>Javascript:placeTitle('#WA25PS  ')</url>
        </entry>
        <entry>
          <text>Update : service comments                              </text>
          <url>Javascript:placeTitle('#WA26PU  ')</url>
        </entry>
        <entry>
          <text>Enquiry: service comments                              </text>
          <url>Javascript:placeTitle('#WA27PE  ')</url>
        </entry>
        <entry>
          <text>Create : report comments                               </text>
          <url>Javascript:placeTitle('#WA28PS  ')</url>
        </entry>
        <entry>
          <text>Update : report comments                               </text>
          <url>Javascript:placeTitle('#WA29PU  ')</url>
        </entry>
        <entry>
          <text>Enquiry: report comments                               </text>
          <url>Javascript:placeTitle('#WA30PE  ')</url>
        </entry>
      </entry>
      <entry>
        <text>Select services                                        </text>
        <url> </url>
        <entry>
          <text>Service selection - region/dept/status/town            </text>
          <url>Javascript:placeTitle('#WA09PE  ')</url>
        </entry>
        <entry>
          <text>Service selection - town/distribution/complex/dept     </text>
          <url>Javascript:placeTitle('#WA10PE  ')</url>
        </entry>
        <entry>
          <text>Service selection - dept/priority no/status            </text>
          <url>Javascript:placeTitle('#WA11PE  ')</url>
        </entry>
        <entry>
          <text>Service selection - category/objective/status/town     </text>
          <url>Javascript:placeTitle('#WA12PE  ')</url>
        </entry>
        <entry>
          <text>Service selection - status/town/client dept            </text>
          <url>Javascript:placeTitle('#WA15PE  ')</url>
        </entry>
        <entry>
          <text>Service selection - dept/service type/ status          </text>
          <url>Javascript:placeTitle('#WA17PE  ')</url>
        </entry>
        <entry>
          <text>Service selection - services linked to a facility      </text>
          <url>Javascript:placeTitle('#WA22PE  ')</url>
        </entry>
        <entry>
          <text>Service selection - region/dept/town/stat/leaders      </text>
          <url>Javascript:placeTitle('#WA23PE  ')</url>
        </entry>
      </entry>
    </entry>
    <entry>
      <text>Contracts and project budgets                          </text>
      <url> </url>
      <entry>
        <text>Contracts and project budgets                          </text>
        <url> </url>
        <entry>
          <text>Create/update estimates                                </text>
          <url>Javascript:placeTitle('#WD01PU  ')</url>
        </entry>
        <entry>
          <text>Enquiry: estimates                                     </text>
          <url>Javascript:placeTitle('#WD02PE  ')</url>
        </entry>
        <entry>
          <text>Delete : estimates                                     </text>
          <url>Javascript:placeTitle('#WD03PD  ')</url>
        </entry>
        <entry>
          <text>Print  : estimate report                               </text>
          <url>Javascript:placeTitle('#WD18PU  ')</url>
        </entry>
        <entry>
          <text>Enquiry: unaccepted estimates                          </text>
          <url>Javascript:placeTitle('#WD20PE  ')</url>
        </entry>
        <entry>
          <text>Enquiry: estimates per service                         </text>
          <url>Javascript:placeTitle('#WD04PE  ')</url>
        </entry>
        <entry>
          <text>Accept : project budget estimate                       </text>
          <url>Javascript:placeTitle('#WD06PU  ')</url>
        </entry>
      </entry>
      <entry>
        <text>Project budget parameters                              </text>
        <url> </url>
        <entry>
          <text>Enquiry: default unforseen, vat and cpab values        </text>
          <url>Javascript:placeTitle('#WD11PE  ')</url>
        </entry>
        <entry>
          <text>Enquiry: cpap index                                    </text>
          <url>Javascript:placeTitle('#WD17PE  ')</url>
        </entry>
        <entry>
          <text>Enquiry: building costs index                          </text>
          <url>Javascript:placeTitle('#WD15PE  ')</url>
        </entry>
      </entry>
    </entry>
    <entry>
      <text>Budget control                                         </text>
      <url> </url>
      <entry>
        <text>Compiling of the building program                      </text>
        <url> </url>
        <entry>
          <text>Drafting/manipulation of the building program          </text>
          <url>Javascript:placeTitle('#WE01PU  ')</url>
        </entry>
        <entry>
          <text>Enquiry: building program                              </text>
          <url>Javascript:placeTitle('#WE02PE  ')</url>
        </entry>
        <entry>
          <text>Enquiry: prog services with expenditure per fin yr     </text>
          <url>Javascript:placeTitle('#WA20PE  ')</url>
        </entry>
        <entry>
          <text>Enquiry: categories linked to an objective             </text>
          <url>Javascript:placeTitle('#WE51PE  ')</url>
        </entry>
      </entry>
      <entry>
        <text>Project administration                                 </text>
        <url> </url>
        <entry>
          <text>Create : project                                       </text>
          <url>Javascript:placeTitle('#WC01PS  ')</url>
        </entry>
        <entry>
          <text>Update : project (link category code)                  </text>
          <url>Javascript:placeTitle('#WC02PU  ')</url>
        </entry>
        <entry>
          <text>Enquiry: project                                       </text>
          <url>Javascript:placeTitle('#WC03PE  ')</url>
        </entry>
        <entry>
          <text>Enquiry: services per project                          </text>
          <url>Javascript:placeTitle('#WC04PE  ')</url>
        </entry>
        <entry>
          <text>Enquiry: actual and projected expend per project       </text>
          <url>Javascript:placeTitle('#WC11PE  ')</url>
        </entry>
        <entry>
          <text>Enquiry: category and client dept per project          </text>
          <url>Javascript:placeTitle('#WC13PE  ')</url>
        </entry>
        <entry>
          <text>Enquiry: services linked to a project per object       </text>
          <url>Javascript:placeTitle('#WC15PE  ')</url>
        </entry>
      </entry>
      <entry>
        <text>Project budget authorisations                          </text>
        <url> </url>
        <entry>
          <text>Summary: requested authorisations per contract         </text>
          <url>Javascript:placeTitle('#WJ01PE  ')</url>
        </entry>
        <entry>
          <text>Enquiry: requested authorisations per contract         </text>
          <url>Javascript:placeTitle('#WJ03PE  ')</url>
        </entry>
        <entry>
          <text>Delete : requested authorisations per contract         </text>
          <url>Javascript:placeTitle('#WJ04PD  ')</url>
        </entry>
        <entry>
          <text>Enquiry: unaccepted authorisations per contract        </text>
          <url>Javascript:placeTitle('#WJ06PE  ')</url>
        </entry>
        <entry>
          <text>Enquiry: funds authorised per project/serv/cntr        </text>
          <url>Javascript:placeTitle('#WJ08PE  ')</url>
        </entry>
        <entry>
          <text>Accept : consultant authorisation per contract         </text>
          <url>Javascript:placeTitle('#WJ15PU  ')</url>
        </entry>
        <entry>
          <text>Summary: consultant authorisations per contract        </text>
          <url>Javascript:placeTitle('#WJ16PE  ')</url>
        </entry>
        <entry>
          <text>Enquiry: consultant authorisations per contract        </text>
          <url>Javascript:placeTitle('#WJ17PE  ')</url>
        </entry>
        <entry>
          <text>Create/update cons proj budg auth per app              </text>
          <url>Javascript:placeTitle('#WJ10PU  ')</url>
        </entry>
        <entry>
          <text>R/o : scm : pre and post tender : admin officers       </text>
          <url>Javascript:placeTitle('#WJ02PU  ')</url>
        </entry>
      </entry>
      <entry>
        <text>Cash flow                                              </text>
        <url> </url>
        <entry>
          <text>Create/update cash flow per service                    </text>
          <url>Javascript:placeTitle('#WE13PU  ')</url>
        </entry>
        <entry>
          <text>Enquiry: cash flow per service                         </text>
          <url>Javascript:placeTitle('#WE14PE  ')</url>
        </entry>
        <entry>
          <text>Enquiry: cash flow default values                      </text>
          <url>Javascript:placeTitle('#WE18PE  ')</url>
        </entry>
        <entry>
          <text>Enquiry: cash flow default values - service types      </text>
          <url>Javascript:placeTitle('#WE24PE  ')</url>
        </entry>
        <entry>
          <text>Enquiry: contract expend per service (excl. fees)      </text>
          <url>Javascript:placeTitle('#WG18PE  ')</url>
        </entry>
        <entry>
          <text>Enquiry: progressive monthly expend per category       </text>
          <url>Javascript:placeTitle('#WE11PE  ')</url>
        </entry>
        <entry>
          <text>Create/update cash flow per contract                   </text>
          <url>Javascript:placeTitle('#WE54PU  ')</url>
        </entry>
        <entry>
          <text>Enquiry: cash flow per contract                        </text>
          <url>Javascript:placeTitle('#WE55PE  ')</url>
        </entry>
        <entry>
          <text>Create/update consultant cash flow per appointment     </text>
          <url>Javascript:placeTitle('#WE59PU  ')</url>
        </entry>
        <entry>
          <text>Enquiry: consultant cash flow per appointment          </text>
          <url>Javascript:placeTitle('#WE58PE  ')</url>
        </entry>
        <entry>
          <text>Summary: monthly consultant expend per category        </text>
          <url>Javascript:placeTitle('#WE60PE  ')</url>
        </entry>
        <entry>
          <text>Create/update monthly construction cash flow           </text>
          <url>Javascript:placeTitle('#WE03PU  ')</url>
        </entry>
        <entry>
          <text>Enquiry: monthly construction cash flow                </text>
          <url>Javascript:placeTitle('#WE04PE  ')</url>
        </entry>
        <entry>
          <text>Create/update monthly consultant cash flow             </text>
          <url>Javascript:placeTitle('#WE36PU  ')</url>
        </entry>
        <entry>
          <text>Enquiry: monthly consultant cash flow                  </text>
          <url>Javascript:placeTitle('#WE37PE  ')</url>
        </entry>
        <entry>
          <text>Report : monthly cashflow exception                    </text>
          <url>Javascript:placeTitle('#WE38PE  ')</url>
        </entry>
      </entry>
    </entry>
    <entry>
      <text>Planning affairs                                       </text>
      <url> </url>
      <entry>
        <text>Planning instruction and project team                  </text>
        <url> </url>
        <entry>
          <text>Issue planning instruction                             </text>
          <url>Javascript:placeTitle('#WE19PU  ')</url>
        </entry>
        <entry>
          <text>Enquiry: issue of planning instruction                 </text>
          <url>Javascript:placeTitle('#WE20PE  ')</url>
        </entry>
        <entry>
          <text>Update : departmental project team                     </text>
          <url>Javascript:placeTitle('#WC05PU  ')</url>
        </entry>
        <entry>
          <text>Enquiry: departmental project team                     </text>
          <url>Javascript:placeTitle('#WC06PE  ')</url>
        </entry>
        <entry>
          <text>Enquiry: services per team member                      </text>
          <url>Javascript:placeTitle('#WC09PE  ')</url>
        </entry>
        <entry>
          <text>Enquiry: contracts per service/team member             </text>
          <url>Javascript:placeTitle('#WC10PE  ')</url>
        </entry>
      </entry>
      <entry>
        <text>Project management (planning dates)                    </text>
        <url> </url>
        <entry>
          <text>Update : all milestones                                </text>
          <url>Javascript:placeTitle('#PBS-U   ')</url>
        </entry>
        <entry>
          <text>Enquiry: all milestones                                </text>
          <url>Javascript:placeTitle('#PBS-E   ')</url>
        </entry>
      </entry>
      <entry>
        <text>Project management reports                             </text>
        <url> </url>
        <entry>
          <text>Report  : planning schedule (printout)                 </text>
          <url>Javascript:placeTitle('#WO07PE  ')</url>
        </entry>
        <entry>
          <text>D/l report : project leader load - summarised          </text>
          <url>Javascript:placeTitle('#WO10PE  ')</url>
        </entry>
        <entry>
          <text>Report : services per project leader (printout)        </text>
          <url>Javascript:placeTitle('#WO11PE  ')</url>
        </entry>
        <entry>
          <text>Report  : detail service status                        </text>
          <url>Javascript:placeTitle('#WO12PE  ')</url>
        </entry>
        <entry>
          <text>Report  : delay reason analysis                        </text>
          <url>Javascript:placeTitle('#WO13PE  ')</url>
        </entry>
        <entry>
          <text>Report  : project leader load per service status       </text>
          <url>Javascript:placeTitle('#WO15PE  ')</url>
        </entry>
        <entry>
          <text>Enquiry : services per project leader (online)         </text>
          <url>Javascript:placeTitle('#WO17PE  ')</url>
        </entry>
        <entry>
          <text>Diary   : outstanding milestones by project leader     </text>
          <url>Javascript:placeTitle('#WO18PE  ')</url>
        </entry>
        <entry>
          <text>Report  : services without a project leader            </text>
          <url>Javascript:placeTitle('#WO20PE  ')</url>
        </entry>
        <entry>
          <text>Enquiry : services already late                        </text>
          <url>Javascript:placeTitle('#WO21PE  ')</url>
        </entry>
      </entry>
    </entry>
    <entry>
      <text>Tender and contract details                            </text>
      <url> </url>
      <entry>
        <text>Tender and contract administration                     </text>
        <url> </url>
        <entry>
          <text>Update : tender advertisement detail                   </text>
          <url>Javascript:placeTitle('#WG01PU  ')</url>
        </entry>
        <entry>
          <text>Enquiry: tender advertisement detail                   </text>
          <url>Javascript:placeTitle('#WG02PE  ')</url>
        </entry>
        <entry>
          <text>Update : tender/contract detail                        </text>
          <url>Javascript:placeTitle('#WG03PU  ')</url>
        </entry>
        <entry>
          <text>Enquiry: tender/contract detail                        </text>
          <url>Javascript:placeTitle('#WG04PE  ')</url>
        </entry>
        <entry>
          <text>Change service main contract                           </text>
          <url>Javascript:placeTitle('#WA07PU  ')</url>
        </entry>
        <entry>
          <text>Delete : contract and tender detail                    </text>
          <url>Javascript:placeTitle('#WG21PD  ')</url>
        </entry>
        <entry>
          <text>Enquiry: contracts per tender number                   </text>
          <url>Javascript:placeTitle('#WG22PE  ')</url>
        </entry>
        <entry>
          <text>Budget control                                         </text>
          <url>Javascript:placeTitle('#WG23PU  ')</url>
        </entry>
        <entry>
          <text>Budget control                                         </text>
          <url>Javascript:placeTitle('#WG24PU  ')</url>
        </entry>
        <entry>
          <text>Enquiry: occupational health, safety, environ data     </text>
          <url>Javascript:placeTitle('#WG25PE  ')</url>
        </entry>
        <entry>
          <text>Budget control                                         </text>
          <url>Javascript:placeTitle('#WG26PU  ')</url>
        </entry>
        <entry>
          <text>Budget control                                         </text>
          <url>Javascript:placeTitle('#WG27PE  ')</url>
        </entry>
        <entry>
          <text>Enquiry: progress payments per contract                </text>
          <url>Javascript:placeTitle('#WG09PE  ')</url>
        </entry>
        <entry>
          <text>Enquiry: contract expend per service (excl. fees)      </text>
          <url>Javascript:placeTitle('#WG18PE  ')</url>
        </entry>
      </entry>
      <entry>
        <text>Contract progress                                      </text>
        <url> </url>
        <entry>
          <text>Update : progress/delay report by project leader       </text>
          <url>Javascript:placeTitle('#WG05PU  ')</url>
        </entry>
        <entry>
          <text>Enquiry: progress/delay report by project leader       </text>
          <url>Javascript:placeTitle('#WG06PE  ')</url>
        </entry>
        <entry>
          <text>Enquiry: contract progress according to system         </text>
          <url>Javascript:placeTitle('#WG19PE  ')</url>
        </entry>
        <entry>
          <text>Summary: contract progress per service                 </text>
          <url>Javascript:placeTitle('#WG12PE  ')</url>
        </entry>
        <entry>
          <text>Enquiry: general contract detail (incl. fees)          </text>
          <url>Javascript:placeTitle('#WG11PE  ')</url>
        </entry>
        <entry>
          <text>Enquiry: services per team member                      </text>
          <url>Javascript:placeTitle('#WC09PE  ')</url>
        </entry>
        <entry>
          <text>Enquiry: contracts per service/team member             </text>
          <url>Javascript:placeTitle('#WC10PE  ')</url>
        </entry>
        <entry>
          <text>Enquiry: contract expend per service (excl. fees)      </text>
          <url>Javascript:placeTitle('#WG18PE  ')</url>
        </entry>
        <entry>
          <text>Enquiry: progress limit table                          </text>
          <url>Javascript:placeTitle('#WG15PE  ')</url>
        </entry>
      </entry>
      <entry>
        <text>Contractors administration                             </text>
        <url> </url>
        <entry>
          <text>Enquiry: sub-contractors linked to a contractor        </text>
          <url>Javascript:placeTitle('#WL02PE  ')</url>
        </entry>
        <entry>
          <text>Close/block contract                                   </text>
          <url>Javascript:placeTitle('#WL04PU  ')</url>
        </entry>
        <entry>
          <text>Enquiry: services per contractor (based on wg03pu)     </text>
          <url>Javascript:placeTitle('#WL05PE  ')</url>
        </entry>
        <entry>
          <text>Enquiry: contractors per service                       </text>
          <url>Javascript:placeTitle('#WL06PE  ')</url>
        </entry>
        <entry>
          <text>Enquiry: ceding/liquidation of contractor              </text>
          <url>Javascript:placeTitle('#WL07PE  ')</url>
        </entry>
        <entry>
          <text>Delete : contract and tender detail                    </text>
          <url>Javascript:placeTitle('#WG21PD  ')</url>
        </entry>
      </entry>
    </entry>
    <entry>
      <text>Consultant administration                              </text>
      <url> </url>
      <entry>
        <text>Consultants panel                                      </text>
        <url> </url>
        <entry>
          <text>Enquiry: departmental consultant panel                 </text>
          <url>Javascript:placeTitle('#WK02PE  ')</url>
        </entry>
      </entry>
      <entry>
        <text>Appointment of consultants                             </text>
        <url> </url>
        <entry>
          <text>Create/update consultant appointments per service      </text>
          <url>Javascript:placeTitle('#WK03PU  ')</url>
        </entry>
        <entry>
          <text>Enquiry: consultant appointments per service           </text>
          <url>Javascript:placeTitle('#WK04PE  ')</url>
        </entry>
        <entry>
          <text>Enquiry: sub-consultants linked to a consultant        </text>
          <url>Javascript:placeTitle('#WK08PE  ')</url>
        </entry>
        <entry>
          <text>Completion/cancellation of consultant appointment      </text>
          <url>Javascript:placeTitle('#WK09PU  ')</url>
        </entry>
        <entry>
          <text>Enquiry: completion/cancellation of cons appointm      </text>
          <url>Javascript:placeTitle('#WK10PE  ')</url>
        </entry>
        <entry>
          <text>Delete : consultant appointment                        </text>
          <url>Javascript:placeTitle('#WK11PD  ')</url>
        </entry>
        <entry>
          <text>Summary: appointments per consultant                   </text>
          <url>Javascript:placeTitle('#WK12PE  ')</url>
        </entry>
        <entry>
          <text>Summary: consultant appointments per service           </text>
          <url>Javascript:placeTitle('#WK17PE  ')</url>
        </entry>
        <entry>
          <text>Report : consultants on panel                          </text>
          <url>Javascript:placeTitle('#WK23PE  ')</url>
        </entry>
        <entry>
          <text>Report : consultant appointments per date (1 town)     </text>
          <url>Javascript:placeTitle('#WK24PE  ')</url>
        </entry>
        <entry>
          <text>Report : appointments per capita                       </text>
          <url>Javascript:placeTitle('#WK25PE  ')</url>
        </entry>
        <entry>
          <text>Report : appointments per date (1 or more towns)       </text>
          <url>Javascript:placeTitle('#WK26PE  ')</url>
        </entry>
        <entry>
          <text>Report : consultant nomination list per formula        </text>
          <url>Javascript:placeTitle('#WK27PE  ')</url>
        </entry>
        <entry>
          <text>Enquiry: ceding/liquidation of consultants             </text>
          <url>Javascript:placeTitle('#WK62PE  ')</url>
        </entry>
        <entry>
          <text>Report : all firms appointed to date                   </text>
          <url>Javascript:placeTitle('#WK49PE  ')</url>
        </entry>
        <entry>
          <text>Enquiry: appointments per consultant                   </text>
          <url>Javascript:placeTitle('#WK15PE  ')</url>
        </entry>
        <entry>
          <text>Enquiry: consultant payments per service               </text>
          <url>Javascript:placeTitle('#WK33PE  ')</url>
        </entry>
      </entry>
      <entry>
        <text>Consultants expenditure                                </text>
        <url> </url>
        <entry>
          <text>Enquiry: consultant account per service/section        </text>
          <url>Javascript:placeTitle('#WK20PE  ')</url>
        </entry>
        <entry>
          <text>Summary: total consultant expenditure-per division     </text>
          <url>Javascript:placeTitle('#WK21PE  ')</url>
        </entry>
      </entry>
      <entry>
        <text>Consultant parameters                                  </text>
        <url> </url>
        <entry>
          <text>Enquiry: nomination formula variables                  </text>
          <url>Javascript:placeTitle('#WK28PE  ')</url>
        </entry>
        <entry>
          <text>Update : default consultant   for a service            </text>
          <url>Javascript:placeTitle('#WK13PU  ')</url>
        </entry>
        <entry>
          <text>Enquiry: default consultant   for a service            </text>
          <url>Javascript:placeTitle('#WK14PE  ')</url>
        </entry>
      </entry>
    </entry>
    <entry>
      <text>Payments                                               </text>
      <url> </url>
      <entry>
        <text>Contract - payments                                    </text>
        <url> </url>
        <entry>
          <text>Enquiry: contractor payment history                    </text>
          <url>Javascript:placeTitle('#WM17PE  ')</url>
        </entry>
        <entry>
          <text>Enquiry: contractor payments                           </text>
          <url>Javascript:placeTitle('#WM20PE  ')</url>
        </entry>
        <entry>
          <text>Enquiry: payments per beneficiary                      </text>
          <url>Javascript:placeTitle('#WM65PE  ')</url>
        </entry>
        <entry>
          <text>Enquiry: payments per advice number                    </text>
          <url>Javascript:placeTitle('#WM36PE  ')</url>
        </entry>
        <entry>
          <text>Enquiry: progress payments per contract                </text>
          <url>Javascript:placeTitle('#WG09PE  ')</url>
        </entry>
      </entry>
      <entry>
        <text>Supplier - payments                                    </text>
        <url> </url>
        <entry>
          <text>Enquiry: supplier payment history                      </text>
          <url>Javascript:placeTitle('#WM26PE  ')</url>
        </entry>
        <entry>
          <text>Enquiry: supplier payments                             </text>
          <url>Javascript:placeTitle('#WM29PE  ')</url>
        </entry>
        <entry>
          <text>Delete : supplier payments                             </text>
          <url>Javascript:placeTitle('#WM30PD  ')</url>
        </entry>
        <entry>
          <text>Verify : supplier payments                             </text>
          <url>Javascript:placeTitle('#WM22PU  ')</url>
        </entry>
        <entry>
          <text>Enquiry: order/supplier detail per contract            </text>
          <url>Javascript:placeTitle('#WM35PE  ')</url>
        </entry>
        <entry>
          <text>Enquiry: order/lease or acquisition number             </text>
          <url>Javascript:placeTitle('#WM24PE  ')</url>
        </entry>
        <entry>
          <text>Enquiry: payments per beneficiary                      </text>
          <url>Javascript:placeTitle('#WM65PE  ')</url>
        </entry>
        <entry>
          <text>Enquiry: progress payments per contract                </text>
          <url>Javascript:placeTitle('#WG09PE  ')</url>
        </entry>
        <entry>
          <text>Enquiry: list order detail per contract                </text>
          <url>Javascript:placeTitle('#WM60PE  ')</url>
        </entry>
      </entry>
      <entry>
        <text>Consultant - payments                                  </text>
        <url> </url>
        <entry>
          <text>Enquiry: consultant payment history                    </text>
          <url>Javascript:placeTitle('#WM02PE  ')</url>
        </entry>
        <entry>
          <text>Enquiry: consultant payments                           </text>
          <url>Javascript:placeTitle('#WM05PE  ')</url>
        </entry>
        <entry>
          <text>Delete : consultant payments                           </text>
          <url>Javascript:placeTitle('#WM06PD  ')</url>
        </entry>
        <entry>
          <text>Verify : consultant payments                           </text>
          <url>Javascript:placeTitle('#WM07PU  ')</url>
        </entry>
        <entry>
          <text>Enquiry: payments not yet verified                     </text>
          <url>Javascript:placeTitle('#WM09PE  ')</url>
        </entry>
        <entry>
          <text>Enquiry: consultant payments per service               </text>
          <url>Javascript:placeTitle('#WK33PE  ')</url>
        </entry>
        <entry>
          <text>Enquiry: payments per beneficiary                      </text>
          <url>Javascript:placeTitle('#WM65PE  ')</url>
        </entry>
        <entry>
          <text>Enquiry: payments per advice number                    </text>
          <url>Javascript:placeTitle('#WM36PE  ')</url>
        </entry>
      </entry>
      <entry>
        <text>Lessor - payments                                      </text>
        <url> </url>
        <entry>
          <text>Enquiry: lessor history payment (hiring of build)      </text>
          <url>Javascript:placeTitle('#WM67PE  ')</url>
        </entry>
        <entry>
          <text>Enquiry: lessor payments (hiring of buildings)         </text>
          <url>Javascript:placeTitle('#WM70PE  ')</url>
        </entry>
        <entry>
          <text>Delete : lessor payments (hiring of buildings)         </text>
          <url>Javascript:placeTitle('#WM71PD  ')</url>
        </entry>
        <entry>
          <text>Verify : lessor payments (hiring of buildings)         </text>
          <url>Javascript:placeTitle('#WM72PU  ')</url>
        </entry>
        <entry>
          <text>Enquiry: payments per beneficiary                      </text>
          <url>Javascript:placeTitle('#WM65PE  ')</url>
        </entry>
        <entry>
          <text>Enquiry: order/lease or acquisition number             </text>
          <url>Javascript:placeTitle('#WM24PE  ')</url>
        </entry>
      </entry>
      <entry>
        <text>Acquisition of land and buildings - payments           </text>
        <url> </url>
        <entry>
          <text>Enquiry: acquisition of land and buildings payments    </text>
          <url>Javascript:placeTitle('#WM78PE  ')</url>
        </entry>
        <entry>
          <text>Delete : acquisition of land and buildings payments    </text>
          <url>Javascript:placeTitle('#WM79PD  ')</url>
        </entry>
        <entry>
          <text>Verify : acquisition of land and buildings payments    </text>
          <url>Javascript:placeTitle('#WM80PU  ')</url>
        </entry>
      </entry>
      <entry>
        <text>Verification of payments                               </text>
        <url> </url>
        <entry>
          <text>Verify : supplier payments                             </text>
          <url>Javascript:placeTitle('#WM22PU  ')</url>
        </entry>
        <entry>
          <text>Verify : lessor payments (hiring of buildings)         </text>
          <url>Javascript:placeTitle('#WM72PU  ')</url>
        </entry>
        <entry>
          <text>Verify : acquisition of land and buildings payments    </text>
          <url>Javascript:placeTitle('#WM80PU  ')</url>
        </entry>
        <entry>
          <text>Enquiry: payments not yet verified                     </text>
          <url>Javascript:placeTitle('#WM09PE  ')</url>
        </entry>
        <entry>
          <text>Enquiry: payments already verified                     </text>
          <url>Javascript:placeTitle('#WM08PE  ')</url>
        </entry>
        <entry>
          <text>Enquiry: payments due                                  </text>
          <url>Javascript:placeTitle('#WM58PE  ')</url>
        </entry>
        <entry>
          <text>D/l report: unverified payments on a specific date     </text>
          <url>Javascript:placeTitle('#WO39PE  ')</url>
        </entry>
        <entry>
          <text>Budget control                                         </text>
          <url>Javascript:placeTitle('#WM81PE  ')</url>
        </entry>
        <entry>
          <text>Budget control                                         </text>
          <url>Javascript:placeTitle('#WM82PE  ')</url>
        </entry>
      </entry>
      <entry>
        <text>Payment reference numbers                              </text>
        <url> </url>
        <entry>
          <text>Enquiry: pmnt reference no and date                    </text>
          <url>Javascript:placeTitle('#WM11PE  ')</url>
        </entry>
        <entry>
          <text>Enquiry: payments per payment reference number         </text>
          <url>Javascript:placeTitle('#WM76PE  ')</url>
        </entry>
      </entry>
      <entry>
        <text>Journals                                               </text>
        <url> </url>
        <entry>
          <text>Enquiry: contractor journal transactions               </text>
          <url>Javascript:placeTitle('#WM40PE  ')</url>
        </entry>
        <entry>
          <text>Verify : contractor journal transactions               </text>
          <url>Javascript:placeTitle('#WM41PU  ')</url>
        </entry>
        <entry>
          <text>Enquiry: consultant journal transactions               </text>
          <url>Javascript:placeTitle('#WM49PE  ')</url>
        </entry>
      </entry>
      <entry>
        <text>Recover over payments                                  </text>
        <url> </url>
        <entry>
          <text>Enquiry: contractor payment recovery                   </text>
          <url>Javascript:placeTitle('#WM32PE  ')</url>
        </entry>
        <entry>
          <text>Enquiry: consultant payment recovery                   </text>
          <url>Javascript:placeTitle('#WM47PE  ')</url>
        </entry>
      </entry>
      <entry>
        <text>Bas transactions                                       </text>
        <url> </url>
        <entry>
          <text>Enquiry: payments on hold                              </text>
          <url>Javascript:placeTitle('#WM14PE  ')</url>
        </entry>
        <entry>
          <text>Report : payments on hold                              </text>
          <url>Javascript:placeTitle('#WM15PE  ')</url>
        </entry>
      </entry>
      <entry>
        <text>Submit bas payments                                    </text>
        <url> </url>
        <entry>
          <text>Enquiry: payments due                                  </text>
          <url>Javascript:placeTitle('#WM58PE  ')</url>
        </entry>
        <entry>
          <text>Enquiry: payments per batch number                     </text>
          <url>Javascript:placeTitle('#WM55PE  ')</url>
        </entry>
        <entry>
          <text>D/l report: payments per batch number                  </text>
          <url>Javascript:placeTitle('#WM45PE  ')</url>
        </entry>
      </entry>
      <entry>
        <text>Enquiry: payments per beneficiary                      </text>
        <url>Javascript:placeTitle('#WM65PE  ')</url>
      </entry>
      <entry>
        <text>Enquiry: voucher control (contr,suppl,lessor,conv)     </text>
        <url>Javascript:placeTitle('#WM82PE  ')</url>
      </entry>
      <entry>
        <text>Enquiry: penalty amounts per contract                  </text>
        <url>Javascript:placeTitle('#WM34PE  ')</url>
      </entry>
    </entry>
    <entry>
      <text>Central registers - contractors and consultants        </text>
      <url> </url>
      <entry>
        <text>Contractor s register                                  </text>
        <url> </url>
        <entry>
          <text>Enquiry: contractor particulars                        </text>
          <url>Javascript:placeTitle('#WI02PE  ')</url>
        </entry>
        <entry>
          <text>Enquiry: contractor business detail                    </text>
          <url>Javascript:placeTitle('#WI04PE  ')</url>
        </entry>
        <entry>
          <text>D/l report: contractor detail                          </text>
          <url>Javascript:placeTitle('#WI07PE  ')</url>
        </entry>
      </entry>
      <entry>
        <text>Notes i.r.o. contractors                               </text>
        <url> </url>
        <entry>
          <text>Update : remarks/notes on contractors                  </text>
          <url>Javascript:placeTitle('#WI05PU  ')</url>
        </entry>
        <entry>
          <text>Enquiry: remarks/notes on contractors                  </text>
          <url>Javascript:placeTitle('#WI06PE  ')</url>
        </entry>
      </entry>
      <entry>
        <text>Consultant s register                                  </text>
        <url> </url>
        <entry>
          <text>Enquiry: consultant particulars                        </text>
          <url>Javascript:placeTitle('#WH02PE  ')</url>
        </entry>
        <entry>
          <text>Enquiry: consultant personnel standing                 </text>
          <url>Javascript:placeTitle('#WH04PE  ')</url>
        </entry>
        <entry>
          <text>Enquiry: consultant speciality/activities              </text>
          <url>Javascript:placeTitle('#WH06PE  ')</url>
        </entry>
        <entry>
          <text>Enquiry: consultant branch office information          </text>
          <url>Javascript:placeTitle('#WH08PE  ')</url>
        </entry>
        <entry>
          <text>Enquiry: consultant partner information                </text>
          <url>Javascript:placeTitle('#WH10PE  ')</url>
        </entry>
      </entry>
      <entry>
        <text>Notes i.r.o. consultants                               </text>
        <url> </url>
        <entry>
          <text>Update : remarks/notes on consultants                  </text>
          <url>Javascript:placeTitle('#WH11PU  ')</url>
        </entry>
        <entry>
          <text>Enquiry: remarks/notes on consultants                  </text>
          <url>Javascript:placeTitle('#WH12PE  ')</url>
        </entry>
      </entry>
    </entry>
    <entry>
      <text>Management information reports                         </text>
      <url> </url>
      <entry>
        <text>Management information reports 1                       </text>
        <url> </url>
        <entry>
          <text>D/l report: financial data per region                  </text>
          <url>Javascript:placeTitle('#WE31PE  ')</url>
        </entry>
        <entry>
          <text>D/l report: financial data per service                 </text>
          <url>Javascript:placeTitle('#WO30PE  ')</url>
        </entry>
        <entry>
          <text>D/l report: reconcile wims payments with bas           </text>
          <url>Javascript:placeTitle('#WO37PE  ')</url>
        </entry>
        <entry>
          <text>D/l report: financial data per contract                </text>
          <url>Javascript:placeTitle('#WO38PE  ')</url>
        </entry>
        <entry>
          <text>D/l report: budg per act cat with totals               </text>
          <url>Javascript:placeTitle('#WE53PE  ')</url>
        </entry>
        <entry>
          <text>D/l report: payments per benef/service                 </text>
          <url>Javascript:placeTitle('#WO42PE  ')</url>
        </entry>
        <entry>
          <text>D/l report: dupl pmnts/order/inv                       </text>
          <url>Javascript:placeTitle('#WO44PE  ')</url>
        </entry>
        <entry>
          <text>D/l report: major work expenditure                     </text>
          <url>Javascript:placeTitle('#WO46PE  ')</url>
        </entry>
        <entry>
          <text>D/l report: services without expenditure               </text>
          <url>Javascript:placeTitle('#WO48PE  ')</url>
        </entry>
        <entry>
          <text>D/l report: authorised fees vs expenditure             </text>
          <url>Javascript:placeTitle('#WO49PE  ')</url>
        </entry>
        <entry>
          <text>D/l report: fin data per serv/contr                    </text>
          <url>Javascript:placeTitle('#WO50PE  ')</url>
        </entry>
        <entry>
          <text>D/l report: financial data per contract                </text>
          <url>Javascript:placeTitle('#WO51PE  ')</url>
        </entry>
        <entry>
          <text>D/l report: month rep to procurement admin             </text>
          <url>Javascript:placeTitle('#WO04PE  ')</url>
        </entry>
        <entry>
          <text>D/l report: expend claims per client dept              </text>
          <url>Javascript:placeTitle('#WO28PE  ')</url>
        </entry>
        <entry>
          <text>D/l report: expend per facility                        </text>
          <url>Javascript:placeTitle('#WO54PE  ')</url>
        </entry>
        <entry>
          <text>D/l report: unverified payments                        </text>
          <url>Javascript:placeTitle('#WO23PE  ')</url>
        </entry>
        <entry>
          <text>D/l report: s.a.r.s. (contr/suppl/lessors)             </text>
          <url>Javascript:placeTitle('#WO52PE  ')</url>
        </entry>
        <entry>
          <text>D/l report: s.a.r.s. (consultants)                     </text>
          <url>Javascript:placeTitle('#WO53PE  ')</url>
        </entry>
        <entry>
          <text>D/l report: s.a.r.s. (cns/cntr/supp/less)              </text>
          <url>Javascript:placeTitle('#WO55PE  ')</url>
        </entry>
        <entry>
          <text>D/l report: tender numbers per service                 </text>
          <url>Javascript:placeTitle('#WO25PE  ')</url>
        </entry>
        <entry>
          <text>D/l report: commitment register (fees)                 </text>
          <url>Javascript:placeTitle('#WO03PE  ')</url>
        </entry>
        <entry>
          <text>D/l report: commitment register (construct)            </text>
          <url>Javascript:placeTitle('#WO47PE  ')</url>
        </entry>
        <entry>
          <text>D/l report: milestones                                 </text>
          <url>Javascript:placeTitle('#WO35PE  ')</url>
        </entry>
        <entry>
          <text>D/l report: planning                                   </text>
          <url>Javascript:placeTitle('#WO36PE  ')</url>
        </entry>
        <entry>
          <text>D/l report: services per town/proj leader              </text>
          <url>Javascript:placeTitle('#WO40PE  ')</url>
        </entry>
        <entry>
          <text>D/l report: services per client dept/stat              </text>
          <url>Javascript:placeTitle('#WO41PE  ')</url>
        </entry>
        <entry>
          <text>D/l report: list of cons/contr/suppl/lessor            </text>
          <url>Javascript:placeTitle('#WO45PE  ')</url>
        </entry>
        <entry>
          <text>D/l report: category codes                             </text>
          <url>Javascript:placeTitle('#WO29PE  ')</url>
        </entry>
        <entry>
          <text>D/l report: exp per facility, client dept              </text>
          <url>Javascript:placeTitle('#WO01PE  ')</url>
        </entry>
        <entry>
          <text>D/l report: expenditure per region, benef              </text>
          <url>Javascript:placeTitle('#WO02PE  ')</url>
        </entry>
      </entry>
      <entry>
        <text>Management information reports 2                       </text>
        <url> </url>
        <entry>
          <text>D/l report: negative cashflows in year 1               </text>
          <url>Javascript:placeTitle('#WO31PE  ')</url>
        </entry>
        <entry>
          <text>D/l report: cashflow expect, not achieved              </text>
          <url>Javascript:placeTitle('#WO32PE  ')</url>
        </entry>
        <entry>
          <text>D/l report: 6b,8b serv with exp in fin year            </text>
          <url>Javascript:placeTitle('#WO33PE  ')</url>
        </entry>
        <entry>
          <text>D/l report: 6b,6c,6d,8b serv with cashflow             </text>
          <url>Javascript:placeTitle('#WO34PE  ')</url>
        </entry>
        <entry>
          <text>D/l report: serv with cashflow and expend              </text>
          <url>Javascript:placeTitle('#WO56PE  ')</url>
        </entry>
        <entry>
          <text>D/l report: cons with cashflow and expend              </text>
          <url>Javascript:placeTitle('#WO57PE  ')</url>
        </entry>
        <entry>
          <text>D/l report: budget per category with totals            </text>
          <url>Javascript:placeTitle('#WE41PE  ')</url>
        </entry>
        <entry>
          <text>Enquiry : expenditure per client department            </text>
          <url>Javascript:placeTitle('#WO08PE  ')</url>
        </entry>
        <entry>
          <text>D/l report: value of work per beneficiary              </text>
          <url>Javascript:placeTitle('#WO58PE  ')</url>
        </entry>
        <entry>
          <text>D/l report: beneficiaries per contract                 </text>
          <url>Javascript:placeTitle('#WO09PE  ')</url>
        </entry>
        <entry>
          <text>D/l report: facilities management report               </text>
          <url>Javascript:placeTitle('#WO16PE  ')</url>
        </entry>
        <entry>
          <text>D/l report: consultant apps per region                 </text>
          <url>Javascript:placeTitle('#WO19PE  ')</url>
        </entry>
        <entry>
          <text>D/l report: service progress update report             </text>
          <url>Javascript:placeTitle('#WO43PE  ')</url>
        </entry>
        <entry>
          <text>D/l report: list of top beneficiaries                  </text>
          <url>Javascript:placeTitle('#WO05PE  ')</url>
        </entry>
        <entry>
          <text>D/l report: total payments per consultant              </text>
          <url>Javascript:placeTitle('#WO26PE  ')</url>
        </entry>
        <entry>
          <text>D/l report: treasury-pmnts per benef, clnt             </text>
          <url>Javascript:placeTitle('#WO60PE  ')</url>
        </entry>
        <entry>
          <text>Report of milestone exceptions                         </text>
          <url>Javascript:placeTitle('#WO61PE  ')</url>
        </entry>
        <entry>
          <text>D/l report: occ health, safety, env data               </text>
          <url>Javascript:placeTitle('#WO62PE  ')</url>
        </entry>
        <entry>
          <text>D/l report: expanded public works programme            </text>
          <url>Javascript:placeTitle('#WO63PE  ')</url>
        </entry>
        <entry>
          <text>D/l report: monthly expen based on we53pe              </text>
          <url>Javascript:placeTitle('#WE08PE  ')</url>
        </entry>
        <entry>
          <text>D/l report: exception report for late final dates      </text>
          <url>Javascript:placeTitle('#WO64PE  ')</url>
        </entry>
        <entry>
          <text>D/l report: wims and bas recon                         </text>
          <url>Javascript:placeTitle('#WO24PE  ')</url>
        </entry>
        <entry>
          <text>D/l report: afs for commitments                        </text>
          <url>Javascript:placeTitle('#WO65PE  ')</url>
        </entry>
        <entry>
          <text>D/l report: payments without ap numbers                </text>
          <url>Javascript:placeTitle('#WO66PE  ')</url>
        </entry>
        <entry>
          <text>D/l report: statuses in a certain period               </text>
          <url>Javascript:placeTitle('#WO14PE  ')</url>
        </entry>
        <entry>
          <text>D/l report: expend claims for education                </text>
          <url>Javascript:placeTitle('#WO67PE  ')</url>
        </entry>
        <entry>
          <text>D/l report: awards per financial year                  </text>
          <url>Javascript:placeTitle('#WO68PE  ')</url>
        </entry>
        <entry>
          <text>D/l report: contractor awards                          </text>
          <url>Javascript:placeTitle('#WO69PE  ')</url>
        </entry>
        <entry>
          <text>D/l report: annexure a                                 </text>
          <url>Javascript:placeTitle('#WO70PE  ')</url>
        </entry>
      </entry>
      <entry>
        <text>Management information reports 3                       </text>
        <url> </url>
        <entry>
          <text>D/l report: all projects below construction stage      </text>
          <url>Javascript:placeTitle('#WG48PE  ')</url>
        </entry>
        <entry>
          <text>D/l report: completed projects                         </text>
          <url>Javascript:placeTitle('#WO71PE  ')</url>
        </entry>
        <entry>
          <text>D/l report: all contractors on wims                    </text>
          <url>Javascript:placeTitle('#WO72PE  ')</url>
        </entry>
      </entry>
    </entry>
  </entry>
  <entry>
    <text>Enquiry: list batch job requests per user              </text>
    <url>Javascript:placeTitle('#LISTREQU')</url>
  </entry>
</menu>