﻿<?xml version="1.0" encoding="utf-8"?>
<menu>
  <entry>
    <text>Works information management system                    </text>
    <url> </url>
    <entry>
      <text>Management information reports                         </text>
      <url> </url>
      <entry>
        <text>Management information reports 1                       </text>
        <url> </url>
        <entry>
          <text>D/l report: financial data per region                  </text>
          <url>Javascript:placeTitle('#WE31PE  ')</url>
        </entry>
        <entry>
          <text>D/l report: financial data per service                 </text>
          <url>Javascript:placeTitle('#WO30PE  ')</url>
        </entry>
        <entry>
          <text>D/l report: reconcile wims payments with bas           </text>
          <url>Javascript:placeTitle('#WO37PE  ')</url>
        </entry>
        <entry>
          <text>D/l report: financial data per contract                </text>
          <url>Javascript:placeTitle('#WO38PE  ')</url>
        </entry>
        <entry>
          <text>D/l report: budg per act cat with totals               </text>
          <url>Javascript:placeTitle('#WE53PE  ')</url>
        </entry>
        <entry>
          <text>D/l report: payments per benef/service                 </text>
          <url>Javascript:placeTitle('#WO42PE  ')</url>
        </entry>
        <entry>
          <text>D/l report: dupl pmnts/order/inv                       </text>
          <url>Javascript:placeTitle('#WO44PE  ')</url>
        </entry>
        <entry>
          <text>D/l report: major work expenditure                     </text>
          <url>Javascript:placeTitle('#WO46PE  ')</url>
        </entry>
        <entry>
          <text>D/l report: services without expenditure               </text>
          <url>Javascript:placeTitle('#WO48PE  ')</url>
        </entry>
        <entry>
          <text>D/l report: authorised fees vs expenditure             </text>
          <url>Javascript:placeTitle('#WO49PE  ')</url>
        </entry>
        <entry>
          <text>D/l report: fin data per serv/contr                    </text>
          <url>Javascript:placeTitle('#WO50PE  ')</url>
        </entry>
        <entry>
          <text>D/l report: financial data per contract                </text>
          <url>Javascript:placeTitle('#WO51PE  ')</url>
        </entry>
        <entry>
          <text>D/l report: month rep to procurement admin             </text>
          <url>Javascript:placeTitle('#WO04PE  ')</url>
        </entry>
        <entry>
          <text>D/l report: expend claims per client dept              </text>
          <url>Javascript:placeTitle('#WO28PE  ')</url>
        </entry>
        <entry>
          <text>D/l report: expend per facility                        </text>
          <url>Javascript:placeTitle('#WO54PE  ')</url>
        </entry>
        <entry>
          <text>D/l report: unverified payments                        </text>
          <url>Javascript:placeTitle('#WO23PE  ')</url>
        </entry>
        <entry>
          <text>D/l report: s.a.r.s. (contr/suppl/lessors)             </text>
          <url>Javascript:placeTitle('#WO52PE  ')</url>
        </entry>
        <entry>
          <text>D/l report: s.a.r.s. (consultants)                     </text>
          <url>Javascript:placeTitle('#WO53PE  ')</url>
        </entry>
        <entry>
          <text>D/l report: s.a.r.s. (cns/cntr/supp/less)              </text>
          <url>Javascript:placeTitle('#WO55PE  ')</url>
        </entry>
        <entry>
          <text>D/l report: tender numbers per service                 </text>
          <url>Javascript:placeTitle('#WO25PE  ')</url>
        </entry>
        <entry>
          <text>D/l report: commitment register (fees)                 </text>
          <url>Javascript:placeTitle('#WO03PE  ')</url>
        </entry>
        <entry>
          <text>D/l report: commitment register (construct)            </text>
          <url>Javascript:placeTitle('#WO47PE  ')</url>
        </entry>
        <entry>
          <text>D/l report: milestones                                 </text>
          <url>Javascript:placeTitle('#WO35PE  ')</url>
        </entry>
        <entry>
          <text>D/l report: planning                                   </text>
          <url>Javascript:placeTitle('#WO36PE  ')</url>
        </entry>
        <entry>
          <text>D/l report: services per town/proj leader              </text>
          <url>Javascript:placeTitle('#WO40PE  ')</url>
        </entry>
        <entry>
          <text>D/l report: services per client dept/stat              </text>
          <url>Javascript:placeTitle('#WO41PE  ')</url>
        </entry>
        <entry>
          <text>D/l report: list of cons/contr/suppl/lessor            </text>
          <url>Javascript:placeTitle('#WO45PE  ')</url>
        </entry>
        <entry>
          <text>D/l report: category codes                             </text>
          <url>Javascript:placeTitle('#WO29PE  ')</url>
        </entry>
        <entry>
          <text>D/l report: exp per facility, client dept              </text>
          <url>Javascript:placeTitle('#WO01PE  ')</url>
        </entry>
        <entry>
          <text>D/l report: expenditure per region, benef              </text>
          <url>Javascript:placeTitle('#WO02PE  ')</url>
        </entry>
      </entry>
      <entry>
        <text>Management information reports 2                       </text>
        <url> </url>
        <entry>
          <text>D/l report: negative cashflows in year 1               </text>
          <url>Javascript:placeTitle('#WO31PE  ')</url>
        </entry>
        <entry>
          <text>D/l report: cashflow expect, not achieved              </text>
          <url>Javascript:placeTitle('#WO32PE  ')</url>
        </entry>
        <entry>
          <text>D/l report: 6b,8b serv with exp in fin year            </text>
          <url>Javascript:placeTitle('#WO33PE  ')</url>
        </entry>
        <entry>
          <text>D/l report: 6b,6c,6d,8b serv with cashflow             </text>
          <url>Javascript:placeTitle('#WO34PE  ')</url>
        </entry>
        <entry>
          <text>D/l report: serv with cashflow and expend              </text>
          <url>Javascript:placeTitle('#WO56PE  ')</url>
        </entry>
        <entry>
          <text>D/l report: cons with cashflow and expend              </text>
          <url>Javascript:placeTitle('#WO57PE  ')</url>
        </entry>
        <entry>
          <text>D/l report: budget per category with totals            </text>
          <url>Javascript:placeTitle('#WE41PE  ')</url>
        </entry>
        <entry>
          <text>Enquiry : expenditure per client department            </text>
          <url>Javascript:placeTitle('#WO08PE  ')</url>
        </entry>
        <entry>
          <text>D/l report: value of work per beneficiary              </text>
          <url>Javascript:placeTitle('#WO58PE  ')</url>
        </entry>
        <entry>
          <text>D/l report: beneficiaries per contract                 </text>
          <url>Javascript:placeTitle('#WO09PE  ')</url>
        </entry>
        <entry>
          <text>D/l report: facilities management report               </text>
          <url>Javascript:placeTitle('#WO16PE  ')</url>
        </entry>
        <entry>
          <text>D/l report: consultant apps per region                 </text>
          <url>Javascript:placeTitle('#WO19PE  ')</url>
        </entry>
        <entry>
          <text>D/l report: service progress update report             </text>
          <url>Javascript:placeTitle('#WO43PE  ')</url>
        </entry>
        <entry>
          <text>D/l report: list of top beneficiaries                  </text>
          <url>Javascript:placeTitle('#WO05PE  ')</url>
        </entry>
        <entry>
          <text>D/l report: total payments per consultant              </text>
          <url>Javascript:placeTitle('#WO26PE  ')</url>
        </entry>
        <entry>
          <text>D/l report: treasury-pmnts per benef, clnt             </text>
          <url>Javascript:placeTitle('#WO60PE  ')</url>
        </entry>
        <entry>
          <text>D/l report: milestone exceptions                       </text>
          <url>Javascript:placeTitle('#WO61PE  ')</url>
        </entry>
        <entry>
          <text>D/l report: occ health, safety, env data               </text>
          <url>Javascript:placeTitle('#WO62PE  ')</url>
        </entry>
        <entry>
          <text>D/l report: expanded public works programme            </text>
          <url>Javascript:placeTitle('#WO63PE  ')</url>
        </entry>
        <entry>
          <text>D/l report: monthly expen based on we53pe              </text>
          <url>Javascript:placeTitle('#WE08PE  ')</url>
        </entry>
        <entry>
          <text>D/l report: exception report for late final dates      </text>
          <url>Javascript:placeTitle('#WO64PE  ')</url>
        </entry>
        <entry>
          <text>D/l report: wims and bas recon                         </text>
          <url>Javascript:placeTitle('#WO24PE  ')</url>
        </entry>
        <entry>
          <text>D/l report: afs for commitments                        </text>
          <url>Javascript:placeTitle('#WO65PE  ')</url>
        </entry>
        <entry>
          <text>D/l report: payments without ap numbers                </text>
          <url>Javascript:placeTitle('#WO66PE  ')</url>
        </entry>
        <entry>
          <text>D/l report: statuses in a certain period               </text>
          <url>Javascript:placeTitle('#WO14PE  ')</url>
        </entry>
        <entry>
          <text>D/l report: expend claims for education                </text>
          <url>Javascript:placeTitle('#WO67PE  ')</url>
        </entry>
        <entry>
          <text>D/l report: awards per financial year                  </text>
          <url>Javascript:placeTitle('#WO68PE  ')</url>
        </entry>
        <entry>
          <text>D/l report: contractor awards                          </text>
          <url>Javascript:placeTitle('#WO69PE  ')</url>
        </entry>
        <entry>
          <text>D/l report: annexure a                                 </text>
          <url>Javascript:placeTitle('#WO70PE  ')</url>
        </entry>
        <entry>
          <text>D/l report: projects below construction st             </text>
          <url>Javascript:placeTitle('#WG48PE  ')</url>
        </entry>
      </entry>
      <entry>
        <text>Management information reports 3                       </text>
        <url> </url>
        <entry>
          <text>D/l report: completed projects                         </text>
          <url>Javascript:placeTitle('#WO71PE  ')</url>
        </entry>
        <entry>
          <text>D/l report: all contractors on wims                    </text>
          <url>Javascript:placeTitle('#WO72PE  ')</url>
        </entry>
        <entry>
          <text>D/l report: active projects list                       </text>
          <url>Javascript:placeTitle('#WO73PE  ')</url>
        </entry>
        <entry>
          <text>D/l report: monthly expenditure for projects           </text>
          <url>Javascript:placeTitle('#WO74PE  ')</url>
        </entry>
        <entry>
          <text>D/l report: cons payment distr per wims number         </text>
          <url>Javascript:placeTitle('#WO75PE  ')</url>
        </entry>
      </entry>
    </entry>
  </entry>
  <entry>
    <text>Messages (send and receive)                            </text>
    <url> </url>
    <entry>
      <text>Send messages to users                                 </text>
      <url>Javascript:placeTitle('#WP08PU  ')</url>
    </entry>
    <entry>
      <text>Receive (read) messages                                </text>
      <url>Javascript:placeTitle('#WP09PE  ')</url>
    </entry>
  </entry>
</menu>