﻿<?xml version="1.0" encoding="utf-8"?>
<menu>
  <entry>
    <text>Works information management system                    </text>
    <url> </url>
    <entry>
      <text>Service administration                                 </text>
      <url> </url>
      <entry>
        <text>General service administration                         </text>
        <url> </url>
        <entry>
          <text>Update : service                                       </text>
          <url>Javascript:placeTitle('#WA02PU  ')</url>
        </entry>
        <entry>
          <text>Enquiry: service                                       </text>
          <url>Javascript:placeTitle('#WA03PE  ')</url>
        </entry>
        <entry>
          <text>Update : service status                                </text>
          <url>Javascript:placeTitle('#WA06PU  ')</url>
        </entry>
        <entry>
          <text>Enquiry: service status audit                          </text>
          <url>Javascript:placeTitle('#WA19PE  ')</url>
        </entry>
        <entry>
          <text>Enquiry: audit trail per function, user or date        </text>
          <url>Javascript:placeTitle('#WY01PE  ')</url>
        </entry>
        <entry>
          <text>Budget control                                         </text>
          <url>Javascript:placeTitle('#WA14PE  ')</url>
        </entry>
        <entry>
          <text>Budget control                                         </text>
          <url>Javascript:placeTitle('#WA16PE  ')</url>
        </entry>
        <entry>
          <text>Budget control                                         </text>
          <url>Javascript:placeTitle('#WA24PE  ')</url>
        </entry>
      </entry>
      <entry>
        <text>System comments                                        </text>
        <url> </url>
        <entry>
          <text>Create : service comments                              </text>
          <url>Javascript:placeTitle('#WA25PS  ')</url>
        </entry>
        <entry>
          <text>Update : service comments                              </text>
          <url>Javascript:placeTitle('#WA26PU  ')</url>
        </entry>
        <entry>
          <text>Enquiry: service comments                              </text>
          <url>Javascript:placeTitle('#WA27PE  ')</url>
        </entry>
        <entry>
          <text>Create : report comments                               </text>
          <url>Javascript:placeTitle('#WA28PS  ')</url>
        </entry>
        <entry>
          <text>Update : report comments                               </text>
          <url>Javascript:placeTitle('#WA29PU  ')</url>
        </entry>
        <entry>
          <text>Enquiry: report comments                               </text>
          <url>Javascript:placeTitle('#WA30PE  ')</url>
        </entry>
      </entry>
      <entry>
        <text>Select services                                        </text>
        <url> </url>
        <entry>
          <text>Service selection - region/dept/status/town            </text>
          <url>Javascript:placeTitle('#WA09PE  ')</url>
        </entry>
        <entry>
          <text>Service selection - town/distribution/complex/dept     </text>
          <url>Javascript:placeTitle('#WA10PE  ')</url>
        </entry>
        <entry>
          <text>Service selection - dept/priority no/status            </text>
          <url>Javascript:placeTitle('#WA11PE  ')</url>
        </entry>
        <entry>
          <text>Service selection - category/objective/status/town     </text>
          <url>Javascript:placeTitle('#WA12PE  ')</url>
        </entry>
        <entry>
          <text>Service selection - status/town/client dept            </text>
          <url>Javascript:placeTitle('#WA15PE  ')</url>
        </entry>
        <entry>
          <text>Service selection - dept/service type/ status          </text>
          <url>Javascript:placeTitle('#WA17PE  ')</url>
        </entry>
        <entry>
          <text>Service selection - services linked to a facility      </text>
          <url>Javascript:placeTitle('#WA22PE  ')</url>
        </entry>
        <entry>
          <text>Service selection - region/dept/town/stat/leaders      </text>
          <url>Javascript:placeTitle('#WA23PE  ')</url>
        </entry>
      </entry>
      <entry>
        <text>New infrastructure detail                              </text>
        <url> </url>
        <entry>
          <text>Update : new infrastructure exp detail per service     </text>
          <url>Javascript:placeTitle('#WB03PU  ')</url>
        </entry>
        <entry>
          <text>Enquiry: new infrastructure exp detail per service     </text>
          <url>Javascript:placeTitle('#WB04PE  ')</url>
        </entry>
      </entry>
    </entry>
    <entry>
      <text>Contracts and project budgets                          </text>
      <url> </url>
      <entry>
        <text>Contracts and project budgets                          </text>
        <url> </url>
        <entry>
          <text>Create/update estimates                                </text>
          <url>Javascript:placeTitle('#WD01PU  ')</url>
        </entry>
        <entry>
          <text>Enquiry: estimates                                     </text>
          <url>Javascript:placeTitle('#WD02PE  ')</url>
        </entry>
        <entry>
          <text>Delete : estimates                                     </text>
          <url>Javascript:placeTitle('#WD03PD  ')</url>
        </entry>
        <entry>
          <text>Enquiry: estimates per service                         </text>
          <url>Javascript:placeTitle('#WD04PE  ')</url>
        </entry>
        <entry>
          <text>Print  : estimate report                               </text>
          <url>Javascript:placeTitle('#WD18PU  ')</url>
        </entry>
        <entry>
          <text>Enquiry: unaccepted estimates                          </text>
          <url>Javascript:placeTitle('#WD20PE  ')</url>
        </entry>
        <entry>
          <text>Accept : project budget estimate                       </text>
          <url>Javascript:placeTitle('#WD06PU  ')</url>
        </entry>
      </entry>
      <entry>
        <text>Project budget parameters                              </text>
        <url> </url>
        <entry>
          <text>Update : default unforseen, vat and cpab values        </text>
          <url>Javascript:placeTitle('#WD10PU  ')</url>
        </entry>
        <entry>
          <text>Enquiry: default unforseen, vat and cpab values        </text>
          <url>Javascript:placeTitle('#WD11PE  ')</url>
        </entry>
        <entry>
          <text>Add/change cpap index                                  </text>
          <url>Javascript:placeTitle('#WD16PU  ')</url>
        </entry>
        <entry>
          <text>Enquiry: cpap index                                    </text>
          <url>Javascript:placeTitle('#WD17PE  ')</url>
        </entry>
        <entry>
          <text>Add/change building cost index                         </text>
          <url>Javascript:placeTitle('#WD14PU  ')</url>
        </entry>
        <entry>
          <text>Enquiry: building costs index                          </text>
          <url>Javascript:placeTitle('#WD15PE  ')</url>
        </entry>
      </entry>
    </entry>
    <entry>
      <text>Budget control                                         </text>
      <url> </url>
      <entry>
        <text>Compiling of the building program                      </text>
        <url> </url>
        <entry>
          <text>Drafting/manipulation of the building program          </text>
          <url>Javascript:placeTitle('#WE01PU  ')</url>
        </entry>
        <entry>
          <text>Enquiry: building program                              </text>
          <url>Javascript:placeTitle('#WE02PE  ')</url>
        </entry>
        <entry>
          <text>Enquiry: prog services with expenditure per fin yr     </text>
          <url>Javascript:placeTitle('#WA20PE  ')</url>
        </entry>
        <entry>
          <text>Enquiry: total expenditure and balance for service     </text>
          <url>Javascript:placeTitle('#WA21PE  ')</url>
        </entry>
        <entry>
          <text>Enquiry: categories linked to an objective             </text>
          <url>Javascript:placeTitle('#WE51PE  ')</url>
        </entry>
        <entry>
          <text>Update : category and client dept per project          </text>
          <url>Javascript:placeTitle('#WC12PU  ')</url>
        </entry>
      </entry>
      <entry>
        <text>Project administration                                 </text>
        <url> </url>
        <entry>
          <text>Create : project                                       </text>
          <url>Javascript:placeTitle('#WC01PS  ')</url>
        </entry>
        <entry>
          <text>Update : project (link category code)                  </text>
          <url>Javascript:placeTitle('#WC02PU  ')</url>
        </entry>
        <entry>
          <text>Enquiry: project                                       </text>
          <url>Javascript:placeTitle('#WC03PE  ')</url>
        </entry>
        <entry>
          <text>Enquiry: services per project                          </text>
          <url>Javascript:placeTitle('#WC04PE  ')</url>
        </entry>
        <entry>
          <text>Enquiry: actual and projected expend per project       </text>
          <url>Javascript:placeTitle('#WC11PE  ')</url>
        </entry>
        <entry>
          <text>Update : category and client dept per project          </text>
          <url>Javascript:placeTitle('#WC12PU  ')</url>
        </entry>
        <entry>
          <text>Enquiry: category and client dept per project          </text>
          <url>Javascript:placeTitle('#WC13PE  ')</url>
        </entry>
        <entry>
          <text>Enquiry: services linked to a project per object       </text>
          <url>Javascript:placeTitle('#WC15PE  ')</url>
        </entry>
      </entry>
      <entry>
        <text>Budget                                                 </text>
        <url> </url>
        <entry>
          <text>Update : annual allocations per category               </text>
          <url>Javascript:placeTitle('#WE05PU  ')</url>
        </entry>
        <entry>
          <text>Enquiry: annual allocations per category               </text>
          <url>Javascript:placeTitle('#WE06PE  ')</url>
        </entry>
        <entry>
          <text>Enquiry: financial report per distribuition            </text>
          <url>Javascript:placeTitle('#WE28PE  ')</url>
        </entry>
        <entry>
          <text>Enquiry: expenditure per category - first option       </text>
          <url>Javascript:placeTitle('#WE09PE  ')</url>
        </entry>
        <entry>
          <text>Enquiry: expenditure per category - alt option         </text>
          <url>Javascript:placeTitle('#WE22PE  ')</url>
        </entry>
        <entry>
          <text>Enquiry: expenditure per objective                     </text>
          <url>Javascript:placeTitle('#WE10PE  ')</url>
        </entry>
        <entry>
          <text>Enquiry: budget per category with totals               </text>
          <url>Javascript:placeTitle('#WE52PE  ')</url>
        </entry>
        <entry>
          <text>Enquiry: categories linked to an objective             </text>
          <url>Javascript:placeTitle('#WE51PE  ')</url>
        </entry>
        <entry>
          <text>D/l report: financial data per region and objective    </text>
          <url>Javascript:placeTitle('#WE40PE  ')</url>
        </entry>
        <entry>
          <text>D/l report: budget per category with totals            </text>
          <url>Javascript:placeTitle('#WE41PE  ')</url>
        </entry>
        <entry>
          <text>Update : budget per client                             </text>
          <url>Javascript:placeTitle('#WE43PU  ')</url>
        </entry>
        <entry>
          <text>Enquiry: budget per client                             </text>
          <url>Javascript:placeTitle('#WE44PE  ')</url>
        </entry>
      </entry>
      <entry>
        <text>Project budget authorisations                          </text>
        <url> </url>
        <entry>
          <text>Summary: requested authorisations per contract         </text>
          <url>Javascript:placeTitle('#WJ01PE  ')</url>
        </entry>
        <entry>
          <text>Enquiry: requested authorisations per contract         </text>
          <url>Javascript:placeTitle('#WJ03PE  ')</url>
        </entry>
        <entry>
          <text>Delete : requested authorisations per contract         </text>
          <url>Javascript:placeTitle('#WJ04PD  ')</url>
        </entry>
        <entry>
          <text>Enquiry: unaccepted authorisations per contract        </text>
          <url>Javascript:placeTitle('#WJ06PE  ')</url>
        </entry>
        <entry>
          <text>Accept : authorisations per contract                   </text>
          <url>Javascript:placeTitle('#WJ07PU  ')</url>
        </entry>
        <entry>
          <text>Enquiry: funds authorised per project/serv/cntr        </text>
          <url>Javascript:placeTitle('#WJ08PE  ')</url>
        </entry>
        <entry>
          <text>Enquiry: estimate and authorised amounts / project     </text>
          <url>Javascript:placeTitle('#WC16PE  ')</url>
        </entry>
        <entry>
          <text>Accept : consultant authorisation per contract         </text>
          <url>Javascript:placeTitle('#WJ15PU  ')</url>
        </entry>
        <entry>
          <text>Summary: consultant authorisations per contract        </text>
          <url>Javascript:placeTitle('#WJ16PE  ')</url>
        </entry>
        <entry>
          <text>Enquiry: consultant authorisations per contract        </text>
          <url>Javascript:placeTitle('#WJ17PE  ')</url>
        </entry>
        <entry>
          <text>Create/update cons proj budg auth per app              </text>
          <url>Javascript:placeTitle('#WJ10PU  ')</url>
        </entry>
      </entry>
      <entry>
        <text>Cash flow                                              </text>
        <url> </url>
        <entry>
          <text>Create/update cash flow per service                    </text>
          <url>Javascript:placeTitle('#WE13PU  ')</url>
        </entry>
        <entry>
          <text>Enquiry: cash flow per service                         </text>
          <url>Javascript:placeTitle('#WE14PE  ')</url>
        </entry>
        <entry>
          <text>Update : cash flow default values                      </text>
          <url>Javascript:placeTitle('#WE17PU  ')</url>
        </entry>
        <entry>
          <text>Enquiry: cash flow default values                      </text>
          <url>Javascript:placeTitle('#WE18PE  ')</url>
        </entry>
        <entry>
          <text>Update : cash flow default values - service types      </text>
          <url>Javascript:placeTitle('#WE23PU  ')</url>
        </entry>
        <entry>
          <text>Enquiry: cash flow default values - service types      </text>
          <url>Javascript:placeTitle('#WE24PE  ')</url>
        </entry>
        <entry>
          <text>Enquiry: contract expend per service (excl. fees)      </text>
          <url>Javascript:placeTitle('#WG18PE  ')</url>
        </entry>
        <entry>
          <text>Enquiry: progressive monthly expend per category       </text>
          <url>Javascript:placeTitle('#WE11PE  ')</url>
        </entry>
        <entry>
          <text>Create/update cash flow per contract                   </text>
          <url>Javascript:placeTitle('#WE54PU  ')</url>
        </entry>
        <entry>
          <text>Enquiry: cash flow per contract                        </text>
          <url>Javascript:placeTitle('#WE55PE  ')</url>
        </entry>
        <entry>
          <text>Create/update consultant cash flow per appointment     </text>
          <url>Javascript:placeTitle('#WE59PU  ')</url>
        </entry>
        <entry>
          <text>Enquiry: consultant cash flow per appointment          </text>
          <url>Javascript:placeTitle('#WE58PE  ')</url>
        </entry>
        <entry>
          <text>Summary: monthly consultant expend per category        </text>
          <url>Javascript:placeTitle('#WE60PE  ')</url>
        </entry>
        <entry>
          <text>Create/update monthly construction cash flow           </text>
          <url>Javascript:placeTitle('#WE03PU  ')</url>
        </entry>
        <entry>
          <text>Enquiry: monthly construction cash flow                </text>
          <url>Javascript:placeTitle('#WE04PE  ')</url>
        </entry>
        <entry>
          <text>Create/update monthly consultant cash flow             </text>
          <url>Javascript:placeTitle('#WE36PU  ')</url>
        </entry>
        <entry>
          <text>Enquiry: monthly consultant cash flow                  </text>
          <url>Javascript:placeTitle('#WE37PE  ')</url>
        </entry>
        <entry>
          <text>Report : monthly cashflow exception                    </text>
          <url>Javascript:placeTitle('#WE38PE  ')</url>
        </entry>
      </entry>
    </entry>
    <entry>
      <text>Planning affairs                                       </text>
      <url> </url>
      <entry>
        <text>Planning instruction and project team                  </text>
        <url> </url>
        <entry>
          <text>Issue planning instruction                             </text>
          <url>Javascript:placeTitle('#WE19PU  ')</url>
        </entry>
        <entry>
          <text>Enquiry: issue of planning instruction                 </text>
          <url>Javascript:placeTitle('#WE20PE  ')</url>
        </entry>
        <entry>
          <text>Update : departmental project team                     </text>
          <url>Javascript:placeTitle('#WC05PU  ')</url>
        </entry>
        <entry>
          <text>Enquiry: departmental project team                     </text>
          <url>Javascript:placeTitle('#WC06PE  ')</url>
        </entry>
        <entry>
          <text>Enquiry: services per team member                      </text>
          <url>Javascript:placeTitle('#WC09PE  ')</url>
        </entry>
        <entry>
          <text>Enquiry: contracts per service/team member             </text>
          <url>Javascript:placeTitle('#WC10PE  ')</url>
        </entry>
      </entry>
      <entry>
        <text>Project management (planning dates)                    </text>
        <url> </url>
        <entry>
          <text>Update : all milestones                                </text>
          <url>Javascript:placeTitle('#PBS-U   ')</url>
        </entry>
        <entry>
          <text>Enquiry: all milestones                                </text>
          <url>Javascript:placeTitle('#PBS-E   ')</url>
        </entry>
      </entry>
      <entry>
        <text>Project management parameters                          </text>
        <url> </url>
        <entry>
          <text>Create/update interval codes per service type          </text>
          <url>Javascript:placeTitle('#WF01PU  ')</url>
        </entry>
        <entry>
          <text>Update : milestones per service type                   </text>
          <url>Javascript:placeTitle('#WF07PU  ')</url>
        </entry>
        <entry>
          <text>Update : standard periods for milestones               </text>
          <url>Javascript:placeTitle('#WF03PU  ')</url>
        </entry>
        <entry>
          <text>Update : default milestone values                      </text>
          <url>Javascript:placeTitle('#WF11PU  ')</url>
        </entry>
        <entry>
          <text>Enquiry: interval codes per service type               </text>
          <url>Javascript:placeTitle('#WF02PE  ')</url>
        </entry>
        <entry>
          <text>Enquiry: milestones per service type                   </text>
          <url>Javascript:placeTitle('#WF08PE  ')</url>
        </entry>
        <entry>
          <text>Enquiry: standard periods for milestones               </text>
          <url>Javascript:placeTitle('#WF04PE  ')</url>
        </entry>
        <entry>
          <text>Delete : milestone                                     </text>
          <url>Javascript:placeTitle('#WF12PD  ')</url>
        </entry>
        <entry>
          <text>Enquiry: default milestone values                      </text>
          <url>Javascript:placeTitle('#WF11PE  ')</url>
        </entry>
      </entry>
      <entry>
        <text>Project management reports                             </text>
        <url> </url>
        <entry>
          <text>Report  : planning schedule (printout)                 </text>
          <url>Javascript:placeTitle('#WO07PE  ')</url>
        </entry>
        <entry>
          <text>D/l report : project leader load - summarised          </text>
          <url>Javascript:placeTitle('#WO10PE  ')</url>
        </entry>
        <entry>
          <text>Report : services per project leader (printout)        </text>
          <url>Javascript:placeTitle('#WO11PE  ')</url>
        </entry>
        <entry>
          <text>Report  : detail service status                        </text>
          <url>Javascript:placeTitle('#WO12PE  ')</url>
        </entry>
        <entry>
          <text>Report  : delay reason analysis                        </text>
          <url>Javascript:placeTitle('#WO13PE  ')</url>
        </entry>
        <entry>
          <text>Report  : project leader load per service status       </text>
          <url>Javascript:placeTitle('#WO15PE  ')</url>
        </entry>
        <entry>
          <text>Enquiry : services per project leader (online)         </text>
          <url>Javascript:placeTitle('#WO17PE  ')</url>
        </entry>
        <entry>
          <text>Diary   : outstanding milestones by project leader     </text>
          <url>Javascript:placeTitle('#WO18PE  ')</url>
        </entry>
        <entry>
          <text>Report  : services without a project leader            </text>
          <url>Javascript:placeTitle('#WO20PE  ')</url>
        </entry>
        <entry>
          <text>Enquiry : services already late                        </text>
          <url>Javascript:placeTitle('#WO21PE  ')</url>
        </entry>
        <entry>
          <text>Report: milestones per service type                    </text>
          <url>Javascript:placeTitle('#WF15PE  ')</url>
        </entry>
      </entry>
    </entry>
    <entry>
      <text>Tender and contract details                            </text>
      <url> </url>
      <entry>
        <text>Tender and contract administration                     </text>
        <url> </url>
        <entry>
          <text>Update : tender advertisement detail                   </text>
          <url>Javascript:placeTitle('#WG01PU  ')</url>
        </entry>
        <entry>
          <text>Enquiry: tender advertisement detail                   </text>
          <url>Javascript:placeTitle('#WG02PE  ')</url>
        </entry>
        <entry>
          <text>Update : tender/contract detail                        </text>
          <url>Javascript:placeTitle('#WG03PU  ')</url>
        </entry>
        <entry>
          <text>Enquiry: tender/contract detail                        </text>
          <url>Javascript:placeTitle('#WG04PE  ')</url>
        </entry>
        <entry>
          <text>Change service main contract                           </text>
          <url>Javascript:placeTitle('#WA07PU  ')</url>
        </entry>
        <entry>
          <text>Delete : contract and tender detail                    </text>
          <url>Javascript:placeTitle('#WG21PD  ')</url>
        </entry>
        <entry>
          <text>Mass adjustment: plan fin tender dates per status      </text>
          <url>Javascript:placeTitle('#WE07PU  ')</url>
        </entry>
        <entry>
          <text>Mass adjustment: plan fin tender dates per categ       </text>
          <url>Javascript:placeTitle('#WE15PU  ')</url>
        </entry>
        <entry>
          <text>Enquiry: contracts per tender number                   </text>
          <url>Javascript:placeTitle('#WG22PE  ')</url>
        </entry>
        <entry>
          <text>Delete : order/lease and appointment                   </text>
          <url>Javascript:placeTitle('#WM62PD  ')</url>
        </entry>
        <entry>
          <text>Update : contract description                          </text>
          <url>Javascript:placeTitle('#WG23PU  ')</url>
        </entry>
        <entry>
          <text>Update : occupational health, safety, environ data     </text>
          <url>Javascript:placeTitle('#WG24PU  ')</url>
        </entry>
        <entry>
          <text>Enquiry: occupational health, safety, environ data     </text>
          <url>Javascript:placeTitle('#WG25PE  ')</url>
        </entry>
        <entry>
          <text>Update : expanded public works program (epwp) data     </text>
          <url>Javascript:placeTitle('#WG26PU  ')</url>
        </entry>
        <entry>
          <text>Enquiry: expanded public works program (epwp) data     </text>
          <url>Javascript:placeTitle('#WG27PE  ')</url>
        </entry>
        <entry>
          <text>Enquiry: progress payments per contract                </text>
          <url>Javascript:placeTitle('#WG09PE  ')</url>
        </entry>
      </entry>
      <entry>
        <text>Contract progress                                      </text>
        <url> </url>
        <entry>
          <text>Update : progress/delay report by project leader       </text>
          <url>Javascript:placeTitle('#WG05PU  ')</url>
        </entry>
        <entry>
          <text>Enquiry: progress/delay report by project leader       </text>
          <url>Javascript:placeTitle('#WG06PE  ')</url>
        </entry>
        <entry>
          <text>Enquiry: contract progress according to system         </text>
          <url>Javascript:placeTitle('#WG19PE  ')</url>
        </entry>
        <entry>
          <text>Summary: contract progress per service                 </text>
          <url>Javascript:placeTitle('#WG12PE  ')</url>
        </entry>
        <entry>
          <text>Enquiry: general contract detail (incl. fees)          </text>
          <url>Javascript:placeTitle('#WG11PE  ')</url>
        </entry>
        <entry>
          <text>Enquiry: services per team member                      </text>
          <url>Javascript:placeTitle('#WC09PE  ')</url>
        </entry>
        <entry>
          <text>Enquiry: contracts per service/team member             </text>
          <url>Javascript:placeTitle('#WC10PE  ')</url>
        </entry>
        <entry>
          <text>Enquiry: contract expend per service (excl. fees)      </text>
          <url>Javascript:placeTitle('#WG18PE  ')</url>
        </entry>
        <entry>
          <text>Update : progress limits                               </text>
          <url>Javascript:placeTitle('#WG14PU  ')</url>
        </entry>
        <entry>
          <text>Enquiry: progress limit table                          </text>
          <url>Javascript:placeTitle('#WG15PE  ')</url>
        </entry>
      </entry>
      <entry>
        <text>Contractors administration                             </text>
        <url> </url>
        <entry>
          <text>Link sub-contractors to a main contractor              </text>
          <url>Javascript:placeTitle('#WL01PU  ')</url>
        </entry>
        <entry>
          <text>Enquiry: sub-contractors linked to a contractor        </text>
          <url>Javascript:placeTitle('#WL02PE  ')</url>
        </entry>
        <entry>
          <text>Update : ceding/liquidation of contractor              </text>
          <url>Javascript:placeTitle('#WL03PU  ')</url>
        </entry>
        <entry>
          <text>Close/block contract                                   </text>
          <url>Javascript:placeTitle('#WL04PU  ')</url>
        </entry>
        <entry>
          <text>Recover: breach of contract                            </text>
          <url>Javascript:placeTitle('#WL12PU  ')</url>
        </entry>
        <entry>
          <text>Enquiry: services per contractor (based on wg03pu)     </text>
          <url>Javascript:placeTitle('#WL05PE  ')</url>
        </entry>
        <entry>
          <text>Enquiry: contractors per service                       </text>
          <url>Javascript:placeTitle('#WL06PE  ')</url>
        </entry>
        <entry>
          <text>Enquiry: ceding/liquidation of contractor              </text>
          <url>Javascript:placeTitle('#WL07PE  ')</url>
        </entry>
        <entry>
          <text>Enquiry: breach of contract by contractor              </text>
          <url>Javascript:placeTitle('#WL13PE  ')</url>
        </entry>
      </entry>
    </entry>
    <entry>
      <text>Consultant administration                              </text>
      <url> </url>
      <entry>
        <text>Consultants panel                                      </text>
        <url> </url>
        <entry>
          <text>Update : departmental consultant panel                 </text>
          <url>Javascript:placeTitle('#WK01PU  ')</url>
        </entry>
        <entry>
          <text>Enquiry: departmental consultant panel                 </text>
          <url>Javascript:placeTitle('#WK02PE  ')</url>
        </entry>
      </entry>
      <entry>
        <text>Appointment of consultants                             </text>
        <url> </url>
        <entry>
          <text>Create/update consultant appointments per service      </text>
          <url>Javascript:placeTitle('#WK03PU  ')</url>
        </entry>
        <entry>
          <text>Enquiry: consultant appointments per service           </text>
          <url>Javascript:placeTitle('#WK04PE  ')</url>
        </entry>
        <entry>
          <text>Enquiry: sub-consultants linked to a consultant        </text>
          <url>Javascript:placeTitle('#WK08PE  ')</url>
        </entry>
        <entry>
          <text>Completion/cancellation of consultant appointment      </text>
          <url>Javascript:placeTitle('#WK09PU  ')</url>
        </entry>
        <entry>
          <text>Enquiry: completion/cancellation of cons appointm      </text>
          <url>Javascript:placeTitle('#WK10PE  ')</url>
        </entry>
        <entry>
          <text>Delete : consultant appointment                        </text>
          <url>Javascript:placeTitle('#WK11PD  ')</url>
        </entry>
        <entry>
          <text>Summary: appointments per consultant                   </text>
          <url>Javascript:placeTitle('#WK12PE  ')</url>
        </entry>
        <entry>
          <text>Summary: consultant appointments per service           </text>
          <url>Javascript:placeTitle('#WK17PE  ')</url>
        </entry>
        <entry>
          <text>Report : consultants on panel                          </text>
          <url>Javascript:placeTitle('#WK23PE  ')</url>
        </entry>
        <entry>
          <text>Report : consultant appointments per date (1 town)     </text>
          <url>Javascript:placeTitle('#WK24PE  ')</url>
        </entry>
        <entry>
          <text>Report : appointments per capita                       </text>
          <url>Javascript:placeTitle('#WK25PE  ')</url>
        </entry>
        <entry>
          <text>Report : appointments per date (1 or more towns)       </text>
          <url>Javascript:placeTitle('#WK26PE  ')</url>
        </entry>
        <entry>
          <text>Report : consultant nomination list per formula        </text>
          <url>Javascript:placeTitle('#WK27PE  ')</url>
        </entry>
        <entry>
          <text>Update : ceding/liquidation of consultant              </text>
          <url>Javascript:placeTitle('#WK63PU  ')</url>
        </entry>
        <entry>
          <text>Enquiry: ceding/liquidation of consultants             </text>
          <url>Javascript:placeTitle('#WK62PE  ')</url>
        </entry>
        <entry>
          <text>Report : all firms appointed to date                   </text>
          <url>Javascript:placeTitle('#WK49PE  ')</url>
        </entry>
        <entry>
          <text>Enquiry: appointments per consultant                   </text>
          <url>Javascript:placeTitle('#WK15PE  ')</url>
        </entry>
        <entry>
          <text>Enquiry: consultant payments per service               </text>
          <url>Javascript:placeTitle('#WK33PE  ')</url>
        </entry>
      </entry>
      <entry>
        <text>Consultants expenditure                                </text>
        <url> </url>
        <entry>
          <text>Enquiry: consultant account per service/section        </text>
          <url>Javascript:placeTitle('#WK20PE  ')</url>
        </entry>
        <entry>
          <text>Summary: total consultant expenditure-per division     </text>
          <url>Javascript:placeTitle('#WK21PE  ')</url>
        </entry>
      </entry>
      <entry>
        <text>Consultant parameters                                  </text>
        <url> </url>
        <entry>
          <text>Create/update consultant scope percentages             </text>
          <url>Javascript:placeTitle('#WK06PU  ')</url>
        </entry>
        <entry>
          <text>Update : nomination formula variables                  </text>
          <url>Javascript:placeTitle('#WK28PU  ')</url>
        </entry>
        <entry>
          <text>Enquiry: nomination formula variables                  </text>
          <url>Javascript:placeTitle('#WK28PE  ')</url>
        </entry>
        <entry>
          <text>Create/update default values for appointment types     </text>
          <url>Javascript:placeTitle('#WK05PU  ')</url>
        </entry>
        <entry>
          <text>Enquiry: default values for appointment types          </text>
          <url>Javascript:placeTitle('#WK19PE  ')</url>
        </entry>
        <entry>
          <text>Update : default consultant   for a service            </text>
          <url>Javascript:placeTitle('#WK13PU  ')</url>
        </entry>
        <entry>
          <text>Enquiry: default consultant   for a service            </text>
          <url>Javascript:placeTitle('#WK14PE  ')</url>
        </entry>
      </entry>
    </entry>
    <entry>
      <text>Payments                                               </text>
      <url> </url>
      <entry>
        <text>Contract - payments                                    </text>
        <url> </url>
        <entry>
          <text>Update : contractor payment history                    </text>
          <url>Javascript:placeTitle('#WM16PU  ')</url>
        </entry>
        <entry>
          <text>Enquiry: contractor payment history                    </text>
          <url>Javascript:placeTitle('#WM17PE  ')</url>
        </entry>
        <entry>
          <text>Delete : contractor payment history                    </text>
          <url>Javascript:placeTitle('#WM18PD  ')</url>
        </entry>
        <entry>
          <text>Update : contractor payments                           </text>
          <url>Javascript:placeTitle('#WM19PU  ')</url>
        </entry>
        <entry>
          <text>Enquiry: contractor payments                           </text>
          <url>Javascript:placeTitle('#WM20PE  ')</url>
        </entry>
        <entry>
          <text>Delete : contractor payments                           </text>
          <url>Javascript:placeTitle('#WM21PD  ')</url>
        </entry>
        <entry>
          <text>Verify : contractor payments                           </text>
          <url>Javascript:placeTitle('#WM38PU  ')</url>
        </entry>
        <entry>
          <text>Enquiry: payments per beneficiary                      </text>
          <url>Javascript:placeTitle('#WM65PE  ')</url>
        </entry>
        <entry>
          <text>Enquiry: payments per advice number                    </text>
          <url>Javascript:placeTitle('#WM36PE  ')</url>
        </entry>
        <entry>
          <text>Enquiry: progress payments per contract                </text>
          <url>Javascript:placeTitle('#WG09PE  ')</url>
        </entry>
      </entry>
      <entry>
        <text>Supplier - payments                                    </text>
        <url> </url>
        <entry>
          <text>Update : supplier payment history                      </text>
          <url>Javascript:placeTitle('#WM25PU  ')</url>
        </entry>
        <entry>
          <text>Enquiry: supplier payment history                      </text>
          <url>Javascript:placeTitle('#WM26PE  ')</url>
        </entry>
        <entry>
          <text>Delete : supplier payment history                      </text>
          <url>Javascript:placeTitle('#WM27PD  ')</url>
        </entry>
        <entry>
          <text>Update : supplier payments                             </text>
          <url>Javascript:placeTitle('#WM28PU  ')</url>
        </entry>
        <entry>
          <text>Enquiry: supplier payments                             </text>
          <url>Javascript:placeTitle('#WM29PE  ')</url>
        </entry>
        <entry>
          <text>Delete : supplier payments                             </text>
          <url>Javascript:placeTitle('#WM30PD  ')</url>
        </entry>
        <entry>
          <text>Verify : supplier payments                             </text>
          <url>Javascript:placeTitle('#WM22PU  ')</url>
        </entry>
        <entry>
          <text>Enquiry: order/supplier detail per contract            </text>
          <url>Javascript:placeTitle('#WM35PE  ')</url>
        </entry>
        <entry>
          <text>Enquiry: order/lease or acquisition number             </text>
          <url>Javascript:placeTitle('#WM24PE  ')</url>
        </entry>
        <entry>
          <text>Enquiry: payments per beneficiary                      </text>
          <url>Javascript:placeTitle('#WM65PE  ')</url>
        </entry>
        <entry>
          <text>Enquiry: progress payments per contract                </text>
          <url>Javascript:placeTitle('#WG09PE  ')</url>
        </entry>
        <entry>
          <text>Enquiry: list order detail per contract                </text>
          <url>Javascript:placeTitle('#WM60PE  ')</url>
        </entry>
      </entry>
      <entry>
        <text>Consultant - payments                                  </text>
        <url> </url>
        <entry>
          <text>Update : consultant payment history                    </text>
          <url>Javascript:placeTitle('#WM01PU  ')</url>
        </entry>
        <entry>
          <text>Enquiry: consultant payment history                    </text>
          <url>Javascript:placeTitle('#WM02PE  ')</url>
        </entry>
        <entry>
          <text>Delete : consultant payment history                    </text>
          <url>Javascript:placeTitle('#WM03PD  ')</url>
        </entry>
        <entry>
          <text>Update : consultant payments                           </text>
          <url>Javascript:placeTitle('#WM04PU  ')</url>
        </entry>
        <entry>
          <text>Enquiry: consultant payments                           </text>
          <url>Javascript:placeTitle('#WM05PE  ')</url>
        </entry>
        <entry>
          <text>Delete : consultant payments                           </text>
          <url>Javascript:placeTitle('#WM06PD  ')</url>
        </entry>
        <entry>
          <text>Verify : consultant payments                           </text>
          <url>Javascript:placeTitle('#WM07PU  ')</url>
        </entry>
        <entry>
          <text>Enquiry: payments not yet verified                     </text>
          <url>Javascript:placeTitle('#WM09PE  ')</url>
        </entry>
        <entry>
          <text>Enquiry: consultant payments per service               </text>
          <url>Javascript:placeTitle('#WK33PE  ')</url>
        </entry>
        <entry>
          <text>Enquiry: payments per beneficiary                      </text>
          <url>Javascript:placeTitle('#WM65PE  ')</url>
        </entry>
        <entry>
          <text>Enquiry: payments per advice number                    </text>
          <url>Javascript:placeTitle('#WM36PE  ')</url>
        </entry>
      </entry>
      <entry>
        <text>Lessor - payments                                      </text>
        <url> </url>
        <entry>
          <text>Update : lessor history payment (hiring of build)      </text>
          <url>Javascript:placeTitle('#WM66PU  ')</url>
        </entry>
        <entry>
          <text>Enquiry: lessor history payment (hiring of build)      </text>
          <url>Javascript:placeTitle('#WM67PE  ')</url>
        </entry>
        <entry>
          <text>Delete : lessor history payment (hiring of build)      </text>
          <url>Javascript:placeTitle('#WM68PD  ')</url>
        </entry>
        <entry>
          <text>Update : lessor payments (hiring of buildings)         </text>
          <url>Javascript:placeTitle('#WM69PU  ')</url>
        </entry>
        <entry>
          <text>Enquiry: lessor payments (hiring of buildings)         </text>
          <url>Javascript:placeTitle('#WM70PE  ')</url>
        </entry>
        <entry>
          <text>Delete : lessor payments (hiring of buildings)         </text>
          <url>Javascript:placeTitle('#WM71PD  ')</url>
        </entry>
        <entry>
          <text>Verify : lessor payments (hiring of buildings)         </text>
          <url>Javascript:placeTitle('#WM72PU  ')</url>
        </entry>
        <entry>
          <text>Enquiry: payments per beneficiary                      </text>
          <url>Javascript:placeTitle('#WM65PE  ')</url>
        </entry>
        <entry>
          <text>Enquiry: order/lease or acquisition number             </text>
          <url>Javascript:placeTitle('#WM24PE  ')</url>
        </entry>
      </entry>
      <entry>
        <text>Acquisition of land and buildings - payments           </text>
        <url> </url>
        <entry>
          <text>Update : acquisition of land and buildings payments    </text>
          <url>Javascript:placeTitle('#WM77PU  ')</url>
        </entry>
        <entry>
          <text>Enquiry: acquisition of land and buildings payments    </text>
          <url>Javascript:placeTitle('#WM78PE  ')</url>
        </entry>
        <entry>
          <text>Delete : acquisition of land and buildings payments    </text>
          <url>Javascript:placeTitle('#WM79PD  ')</url>
        </entry>
        <entry>
          <text>Verify : acquisition of land and buildings payments    </text>
          <url>Javascript:placeTitle('#WM80PU  ')</url>
        </entry>
      </entry>
      <entry>
        <text>Verification of payments                               </text>
        <url> </url>
        <entry>
          <text>Verify : contractor payments                           </text>
          <url>Javascript:placeTitle('#WM38PU  ')</url>
        </entry>
        <entry>
          <text>Verify : supplier payments                             </text>
          <url>Javascript:placeTitle('#WM22PU  ')</url>
        </entry>
        <entry>
          <text>Verify : consultant payments                           </text>
          <url>Javascript:placeTitle('#WM07PU  ')</url>
        </entry>
        <entry>
          <text>Verify : lessor payments (hiring of buildings)         </text>
          <url>Javascript:placeTitle('#WM72PU  ')</url>
        </entry>
        <entry>
          <text>Verify : acquisition of land and buildings payments    </text>
          <url>Javascript:placeTitle('#WM80PU  ')</url>
        </entry>
        <entry>
          <text>Verify : contractor payment recovery                   </text>
          <url>Javascript:placeTitle('#WM33PU  ')</url>
        </entry>
        <entry>
          <text>Verify : consultant payment recovery                   </text>
          <url>Javascript:placeTitle('#WM37PU  ')</url>
        </entry>
        <entry>
          <text>Verify : contractor journal transactions               </text>
          <url>Javascript:placeTitle('#WM41PU  ')</url>
        </entry>
        <entry>
          <text>Verify : consultant journal transactions               </text>
          <url>Javascript:placeTitle('#WM50PU  ')</url>
        </entry>
        <entry>
          <text>Enquiry: payments not yet verified                     </text>
          <url>Javascript:placeTitle('#WM09PE  ')</url>
        </entry>
        <entry>
          <text>Enquiry: payments already verified                     </text>
          <url>Javascript:placeTitle('#WM08PE  ')</url>
        </entry>
        <entry>
          <text>Enquiry: payments due                                  </text>
          <url>Javascript:placeTitle('#WM58PE  ')</url>
        </entry>
        <entry>
          <text>D/l report: unverified payments on a specific date     </text>
          <url>Javascript:placeTitle('#WO39PE  ')</url>
        </entry>
        <entry>
          <text>Enquiry: voucher control (consultants)                 </text>
          <url>Javascript:placeTitle('#WM81PE  ')</url>
        </entry>
        <entry>
          <text>Enquiry: voucher control (contr,suppl,lessor,conv)     </text>
          <url>Javascript:placeTitle('#WM82PE  ')</url>
        </entry>
      </entry>
      <entry>
        <text>Payment reference numbers                              </text>
        <url> </url>
        <entry>
          <text>Update : pmnt reference no and date - 126 report       </text>
          <url>Javascript:placeTitle('#WM10PU  ')</url>
        </entry>
        <entry>
          <text>Update : pmnt reference no and date - yellow card      </text>
          <url>Javascript:placeTitle('#WM12PU  ')</url>
        </entry>
        <entry>
          <text>Enquiry: pmnt reference no and date                    </text>
          <url>Javascript:placeTitle('#WM11PE  ')</url>
        </entry>
        <entry>
          <text>Enquiry: payments per payment reference number         </text>
          <url>Javascript:placeTitle('#WM76PE  ')</url>
        </entry>
      </entry>
      <entry>
        <text>Journals                                               </text>
        <url> </url>
        <entry>
          <text>Create/update contractor journal transactions          </text>
          <url>Javascript:placeTitle('#WM39PU  ')</url>
        </entry>
        <entry>
          <text>Enquiry: contractor journal transactions               </text>
          <url>Javascript:placeTitle('#WM40PE  ')</url>
        </entry>
        <entry>
          <text>Verify : contractor journal transactions               </text>
          <url>Javascript:placeTitle('#WM41PU  ')</url>
        </entry>
        <entry>
          <text>Create/update consultant journal transactions          </text>
          <url>Javascript:placeTitle('#WM48PU  ')</url>
        </entry>
        <entry>
          <text>Enquiry: consultant journal transactions               </text>
          <url>Javascript:placeTitle('#WM49PE  ')</url>
        </entry>
        <entry>
          <text>Verify : consultant journal transactions               </text>
          <url>Javascript:placeTitle('#WM50PU  ')</url>
        </entry>
        <entry>
          <text>Delete : contractor journal transactions               </text>
          <url>Javascript:placeTitle('#WM53PD  ')</url>
        </entry>
        <entry>
          <text>Delete : consultant journal transactions               </text>
          <url>Javascript:placeTitle('#WM54PD  ')</url>
        </entry>
      </entry>
      <entry>
        <text>Recover over payments                                  </text>
        <url> </url>
        <entry>
          <text>Create/update/delete contractor payment recovery       </text>
          <url>Javascript:placeTitle('#WM31PU  ')</url>
        </entry>
        <entry>
          <text>Enquiry: contractor payment recovery                   </text>
          <url>Javascript:placeTitle('#WM32PE  ')</url>
        </entry>
        <entry>
          <text>Verify : contractor payment recovery                   </text>
          <url>Javascript:placeTitle('#WM33PU  ')</url>
        </entry>
        <entry>
          <text>Create/update/delete consultant payment recovery       </text>
          <url>Javascript:placeTitle('#WM46PU  ')</url>
        </entry>
        <entry>
          <text>Enquiry: consultant payment recovery                   </text>
          <url>Javascript:placeTitle('#WM47PE  ')</url>
        </entry>
        <entry>
          <text>Verify : consultant payment recovery                   </text>
          <url>Javascript:placeTitle('#WM37PU  ')</url>
        </entry>
      </entry>
      <entry>
        <text>Bas transactions                                       </text>
        <url> </url>
        <entry>
          <text>Bas rejection administration                           </text>
          <url>Javascript:placeTitle('#WM42PU  ')</url>
        </entry>
        <entry>
          <text>Resubmission of payments/recoveries                    </text>
          <url>Javascript:placeTitle('#WM44PU  ')</url>
        </entry>
        <entry>
          <text>Schedule payment transfer to bas                       </text>
          <url>Javascript:placeTitle('#WM51PU  ')</url>
        </entry>
        <entry>
          <text>Hold/release payments from bas                         </text>
          <url>Javascript:placeTitle('#WM13PU  ')</url>
        </entry>
        <entry>
          <text>Enquiry: payments on hold                              </text>
          <url>Javascript:placeTitle('#WM14PE  ')</url>
        </entry>
        <entry>
          <text>Report : payments on hold                              </text>
          <url>Javascript:placeTitle('#WM15PE  ')</url>
        </entry>
        <entry>
          <text>Bas journal rejection administration                   </text>
          <url>Javascript:placeTitle('#WM74PU  ')</url>
        </entry>
        <entry>
          <text>Resubmission of journals                               </text>
          <url>Javascript:placeTitle('#WM75PU  ')</url>
        </entry>
      </entry>
      <entry>
        <text>Submit bas payments                                    </text>
        <url> </url>
        <entry>
          <text>Schedule payment transfer to bas                       </text>
          <url>Javascript:placeTitle('#WM51PU  ')</url>
        </entry>
        <entry>
          <text>Enquiry: payments due                                  </text>
          <url>Javascript:placeTitle('#WM58PE  ')</url>
        </entry>
        <entry>
          <text>Enquiry: payments per batch number                     </text>
          <url>Javascript:placeTitle('#WM55PE  ')</url>
        </entry>
        <entry>
          <text>D/l report: payments per batch number                  </text>
          <url>Javascript:placeTitle('#WM45PE  ')</url>
        </entry>
      </entry>
      <entry>
        <text>Enquiry: payments per beneficiary                      </text>
        <url>Javascript:placeTitle('#WM65PE  ')</url>
      </entry>
      <entry>
        <text>Parameters - bas allocation lines                      </text>
        <url> </url>
        <entry>
          <text>Create/update allocation default values per region     </text>
          <url>Javascript:placeTitle('#WM56PU  ')</url>
        </entry>
        <entry>
          <text>Create/update allocation line for payment form         </text>
          <url>Javascript:placeTitle('#WM57PU  ')</url>
        </entry>
        <entry>
          <text>Update : organisation parameters                       </text>
          <url>Javascript:placeTitle('#WM59PU  ')</url>
        </entry>
        <entry>
          <text>Update : payment distributions per region              </text>
          <url>Javascript:placeTitle('#WM23PU  ')</url>
        </entry>
        <entry>
          <text>Enquiry: allocation default values per region          </text>
          <url>Javascript:placeTitle('#WM64PE  ')</url>
        </entry>
        <entry>
          <text>Enquiry: allocation line for payment form              </text>
          <url>Javascript:placeTitle('#WM73PE  ')</url>
        </entry>
        <entry>
          <text>Enquiry: payment distributions per region              </text>
          <url>Javascript:placeTitle('#WM63PE  ')</url>
        </entry>
      </entry>
      <entry>
        <text>Parameters - consultant payments                       </text>
        <url> </url>
        <entry>
          <text>Create/update consultant scope percentages             </text>
          <url>Javascript:placeTitle('#WK06PU  ')</url>
        </entry>
      </entry>
      <entry>
        <text>Enquiry: voucher control (contr,suppl,lessor,conv)     </text>
        <url>Javascript:placeTitle('#WM82PE  ')</url>
      </entry>
    </entry>
    <entry>
      <text>Expenditure                                            </text>
      <url> </url>
      <entry>
        <text>Enquiry: expenditure per service (constr and fees)     </text>
        <url>Javascript:placeTitle('#WA08PE  ')</url>
      </entry>
      <entry>
        <text>Enquiry: total expenditure and balance for service     </text>
        <url>Javascript:placeTitle('#WA21PE  ')</url>
      </entry>
      <entry>
        <text>Enquiry: progress payments per contract                </text>
        <url>Javascript:placeTitle('#WG09PE  ')</url>
      </entry>
      <entry>
        <text>Enquiry: consultant account per service/section        </text>
        <url>Javascript:placeTitle('#WK20PE  ')</url>
      </entry>
      <entry>
        <text>Summary: total consultant expenditure-per division     </text>
        <url>Javascript:placeTitle('#WK21PE  ')</url>
      </entry>
      <entry>
        <text>Enquiry: expenditure per category - first option       </text>
        <url>Javascript:placeTitle('#WE09PE  ')</url>
      </entry>
      <entry>
        <text>Enquiry: expenditure per category - alt option         </text>
        <url>Javascript:placeTitle('#WE22PE  ')</url>
      </entry>
      <entry>
        <text>Enquiry: expenditure per objective                     </text>
        <url>Javascript:placeTitle('#WE10PE  ')</url>
      </entry>
      <entry>
        <text>Enquiry: progressive monthly expend per category       </text>
        <url>Javascript:placeTitle('#WE11PE  ')</url>
      </entry>
      <entry>
        <text>Category expenditure - 6 year projection               </text>
        <url>Javascript:placeTitle('#WE25PE  ')</url>
      </entry>
      <entry>
        <text>Enquiry: annual allocations per category               </text>
        <url>Javascript:placeTitle('#WE06PE  ')</url>
      </entry>
      <entry>
        <text>Enquiry: financial report per distribuition            </text>
        <url>Javascript:placeTitle('#WE28PE  ')</url>
      </entry>
      <entry>
        <text>Enquiry: financial overview                            </text>
        <url>Javascript:placeTitle('#WE29PE  ')</url>
      </entry>
      <entry>
        <text>Enquiry: actual and projected expend per contract      </text>
        <url>Javascript:placeTitle('#WE35PE  ')</url>
      </entry>
      <entry>
        <text>Update : actual and projected expenditure              </text>
        <url>Javascript:placeTitle('#WE21PU  ')</url>
      </entry>
      <entry>
        <text>D/l report: financial data per region and objective    </text>
        <url>Javascript:placeTitle('#WE40PE  ')</url>
      </entry>
    </entry>
    <entry>
      <text>Central registers - contractors and consultants        </text>
      <url> </url>
      <entry>
        <text>Contractor s register                                  </text>
        <url> </url>
        <entry>
          <text>Register/update contractor particulars                 </text>
          <url>Javascript:placeTitle('#WI01PU  ')</url>
        </entry>
        <entry>
          <text>Enquiry: contractor particulars                        </text>
          <url>Javascript:placeTitle('#WI02PE  ')</url>
        </entry>
        <entry>
          <text>Update : contractor business detail                    </text>
          <url>Javascript:placeTitle('#WI03PU  ')</url>
        </entry>
        <entry>
          <text>Enquiry: contractor business detail                    </text>
          <url>Javascript:placeTitle('#WI04PE  ')</url>
        </entry>
        <entry>
          <text>D/l report: contractor detail                          </text>
          <url>Javascript:placeTitle('#WI07PE  ')</url>
        </entry>
        <entry>
          <text>D/l report: contractor/supplier/lessor detail          </text>
          <url>Javascript:placeTitle('#WI08PE  ')</url>
        </entry>
        <entry>
          <text>Update : contractor banking detail                     </text>
          <url>Javascript:placeTitle('#WI09PU  ')</url>
        </entry>
        <entry>
          <text>Verify : contractor banking detail                     </text>
          <url>Javascript:placeTitle('#WI10PU  ')</url>
        </entry>
        <entry>
          <text>Enquiry: bank account numbers                          </text>
          <url>Javascript:placeTitle('#WM43PE  ')</url>
        </entry>
        <entry>
          <text>Enquiry: last registered contractor per character      </text>
          <url>Javascript:placeTitle('#WI11PE  ')</url>
        </entry>
        <entry>
          <text>Update : beneficiary scm detail                        </text>
          <url>Javascript:placeTitle('#WI12PU  ')</url>
        </entry>
        <entry>
          <text>Delete : contractor particulars                        </text>
          <url>Javascript:placeTitle('#WI13PD  ')</url>
        </entry>
      </entry>
      <entry>
        <text>Notes i.r.o. contractors                               </text>
        <url> </url>
        <entry>
          <text>Update : remarks/notes on contractors                  </text>
          <url>Javascript:placeTitle('#WI05PU  ')</url>
        </entry>
        <entry>
          <text>Enquiry: remarks/notes on contractors                  </text>
          <url>Javascript:placeTitle('#WI06PE  ')</url>
        </entry>
      </entry>
      <entry>
        <text>Consultant s register                                  </text>
        <url> </url>
        <entry>
          <text>Register/update consultant particulars                 </text>
          <url>Javascript:placeTitle('#WH01PU  ')</url>
        </entry>
        <entry>
          <text>Enquiry: consultant particulars                        </text>
          <url>Javascript:placeTitle('#WH02PE  ')</url>
        </entry>
        <entry>
          <text>Update : consultant personnel standing                 </text>
          <url>Javascript:placeTitle('#WH03PU  ')</url>
        </entry>
        <entry>
          <text>Enquiry: consultant personnel standing                 </text>
          <url>Javascript:placeTitle('#WH04PE  ')</url>
        </entry>
        <entry>
          <text>Update : consultant speciality/activities              </text>
          <url>Javascript:placeTitle('#WH05PU  ')</url>
        </entry>
        <entry>
          <text>Enquiry: consultant speciality/activities              </text>
          <url>Javascript:placeTitle('#WH06PE  ')</url>
        </entry>
        <entry>
          <text>Update : consultant branch office information          </text>
          <url>Javascript:placeTitle('#WH07PU  ')</url>
        </entry>
        <entry>
          <text>Enquiry: consultant branch office information          </text>
          <url>Javascript:placeTitle('#WH08PE  ')</url>
        </entry>
        <entry>
          <text>Update : consultant partner information                </text>
          <url>Javascript:placeTitle('#WH09PU  ')</url>
        </entry>
        <entry>
          <text>Enquiry: consultant partner information                </text>
          <url>Javascript:placeTitle('#WH10PE  ')</url>
        </entry>
        <entry>
          <text>Report : consultant list                               </text>
          <url>Javascript:placeTitle('#WH13PE  ')</url>
        </entry>
        <entry>
          <text>Report : consultant list (code range)                  </text>
          <url>Javascript:placeTitle('#WH14PE  ')</url>
        </entry>
        <entry>
          <text>D/l report: consultants on register                    </text>
          <url>Javascript:placeTitle('#WH15PE  ')</url>
        </entry>
        <entry>
          <text>Verify : consultant banking detail                     </text>
          <url>Javascript:placeTitle('#WH18PU  ')</url>
        </entry>
        <entry>
          <text>Update : consultant banking detail                     </text>
          <url>Javascript:placeTitle('#WH19PU  ')</url>
        </entry>
        <entry>
          <text>Enquiry: bank account numbers                          </text>
          <url>Javascript:placeTitle('#WM43PE  ')</url>
        </entry>
        <entry>
          <text>Enquiry: last registered consultant per character      </text>
          <url>Javascript:placeTitle('#WH20PE  ')</url>
        </entry>
        <entry>
          <text>Delete : consultant details                            </text>
          <url>Javascript:placeTitle('#WH16PD  ')</url>
        </entry>
        <entry>
          <text>Update : consultant supply chain management detail     </text>
          <url>Javascript:placeTitle('#WH17PU  ')</url>
        </entry>
      </entry>
      <entry>
        <text>Notes i.r.o. consultants                               </text>
        <url> </url>
        <entry>
          <text>Update : remarks/notes on consultants                  </text>
          <url>Javascript:placeTitle('#WH11PU  ')</url>
        </entry>
        <entry>
          <text>Enquiry: remarks/notes on consultants                  </text>
          <url>Javascript:placeTitle('#WH12PE  ')</url>
        </entry>
      </entry>
    </entry>
    <entry>
      <text>General                                                </text>
      <url> </url>
      <entry>
        <text>Download: function help text                           </text>
        <url>Javascript:placeTitle('#WBSMAN  ')</url>
      </entry>
      <entry>
        <text>Audit trail                                            </text>
        <url> </url>
        <entry>
          <text>Enquiry: audit trail per function, user or date        </text>
          <url>Javascript:placeTitle('#WY01PE  ')</url>
        </entry>
        <entry>
          <text>Enquiry: service status audit                          </text>
          <url>Javascript:placeTitle('#WA19PE  ')</url>
        </entry>
        <entry>
          <text>D/l report: audit trail per function                   </text>
          <url>Javascript:placeTitle('#WY56PE  ')</url>
        </entry>
      </entry>
    </entry>
    <entry>
      <text>Update banking details                                 </text>
      <url> </url>
      <entry>
        <text>Update : contractor banking detail                     </text>
        <url>Javascript:placeTitle('#WI09PU  ')</url>
      </entry>
      <entry>
        <text>Verify : contractor banking detail                     </text>
        <url>Javascript:placeTitle('#WI10PU  ')</url>
      </entry>
      <entry>
        <text>Update : consultant banking detail                     </text>
        <url>Javascript:placeTitle('#WH19PU  ')</url>
      </entry>
      <entry>
        <text>Verify : consultant banking detail                     </text>
        <url>Javascript:placeTitle('#WH18PU  ')</url>
      </entry>
      <entry>
        <text>Report : beneficiaries with unverified bank detail     </text>
        <url>Javascript:placeTitle('#WO06PE  ')</url>
      </entry>
    </entry>
    <entry>
      <text>Management information                                 </text>
      <url> </url>
      <entry>
        <text>D/l report: financial data per region                  </text>
        <url>Javascript:placeTitle('#WE31PE  ')</url>
      </entry>
      <entry>
        <text>D/l report: financial data per service                 </text>
        <url>Javascript:placeTitle('#WO30PE  ')</url>
      </entry>
      <entry>
        <text>D/l report: reconcile wims payments with bas           </text>
        <url>Javascript:placeTitle('#WO37PE  ')</url>
      </entry>
      <entry>
        <text>D/l report: financial data per contract                </text>
        <url>Javascript:placeTitle('#WO38PE  ')</url>
      </entry>
      <entry>
        <text>D/l report: budg per act cat with totals               </text>
        <url>Javascript:placeTitle('#WE53PE  ')</url>
      </entry>
      <entry>
        <text>D/l report: payments per benef/service                 </text>
        <url>Javascript:placeTitle('#WO42PE  ')</url>
      </entry>
      <entry>
        <text>D/l report: dupl pmnts/order/inv                       </text>
        <url>Javascript:placeTitle('#WO44PE  ')</url>
      </entry>
      <entry>
        <text>D/l report: major work expenditure                     </text>
        <url>Javascript:placeTitle('#WO46PE  ')</url>
      </entry>
      <entry>
        <text>D/l report: services without expenditure               </text>
        <url>Javascript:placeTitle('#WO48PE  ')</url>
      </entry>
      <entry>
        <text>D/l report: authorised fees vs expenditure             </text>
        <url>Javascript:placeTitle('#WO49PE  ')</url>
      </entry>
      <entry>
        <text>D/l report: fin data per serv/contr                    </text>
        <url>Javascript:placeTitle('#WO50PE  ')</url>
      </entry>
      <entry>
        <text>D/l report: financial data per contract                </text>
        <url>Javascript:placeTitle('#WO51PE  ')</url>
      </entry>
      <entry>
        <text>D/l report: month rep to procurement admin             </text>
        <url>Javascript:placeTitle('#WO04PE  ')</url>
      </entry>
      <entry>
        <text>D/l report: expend claims per client dept              </text>
        <url>Javascript:placeTitle('#WO28PE  ')</url>
      </entry>
      <entry>
        <text>D/l report: expend per facility                        </text>
        <url>Javascript:placeTitle('#WO54PE  ')</url>
      </entry>
      <entry>
        <text>D/l report: unverified payments                        </text>
        <url>Javascript:placeTitle('#WO23PE  ')</url>
      </entry>
      <entry>
        <text>D/l report: s.a.r.s. (contr/suppl/lessors)             </text>
        <url>Javascript:placeTitle('#WO52PE  ')</url>
      </entry>
      <entry>
        <text>D/l report: s.a.r.s. (consultants)                     </text>
        <url>Javascript:placeTitle('#WO53PE  ')</url>
      </entry>
      <entry>
        <text>D/l report: s.a.r.s. (cns/cntr/supp/less)              </text>
        <url>Javascript:placeTitle('#WO55PE  ')</url>
      </entry>
      <entry>
        <text>D/l report: tender numbers per service                 </text>
        <url>Javascript:placeTitle('#WO25PE  ')</url>
      </entry>
      <entry>
        <text>D/l report: commitment register (fees)                 </text>
        <url>Javascript:placeTitle('#WO03PE  ')</url>
      </entry>
      <entry>
        <text>D/l report: commitment register (construct)            </text>
        <url>Javascript:placeTitle('#WO47PE  ')</url>
      </entry>
      <entry>
        <text>D/l report: milestones                                 </text>
        <url>Javascript:placeTitle('#WO35PE  ')</url>
      </entry>
      <entry>
        <text>D/l report: planning                                   </text>
        <url>Javascript:placeTitle('#WO36PE  ')</url>
      </entry>
      <entry>
        <text>D/l report: services per town/proj leader              </text>
        <url>Javascript:placeTitle('#WO40PE  ')</url>
      </entry>
      <entry>
        <text>D/l report: services per client dept/stat              </text>
        <url>Javascript:placeTitle('#WO41PE  ')</url>
      </entry>
      <entry>
        <text>D/l report: list of cons/contr/suppl/lessor            </text>
        <url>Javascript:placeTitle('#WO45PE  ')</url>
      </entry>
      <entry>
        <text>D/l report: category codes                             </text>
        <url>Javascript:placeTitle('#WO29PE  ')</url>
      </entry>
      <entry>
        <text>D/l report: exp per facility, client dept              </text>
        <url>Javascript:placeTitle('#WO01PE  ')</url>
      </entry>
      <entry>
        <text>D/l report: expenditure per region, benef              </text>
        <url>Javascript:placeTitle('#WO02PE  ')</url>
      </entry>
    </entry>
    <entry>
      <text>Management information 2                               </text>
      <url> </url>
      <entry>
        <text>D/l report: negative cashflows in year 1               </text>
        <url>Javascript:placeTitle('#WO31PE  ')</url>
      </entry>
      <entry>
        <text>D/l report: cashflow expect, not achieved              </text>
        <url>Javascript:placeTitle('#WO32PE  ')</url>
      </entry>
      <entry>
        <text>D/l report: 6b,8b serv with exp in fin year            </text>
        <url>Javascript:placeTitle('#WO33PE  ')</url>
      </entry>
      <entry>
        <text>D/l report: 6b,6c,6d,8b serv with cashflow             </text>
        <url>Javascript:placeTitle('#WO34PE  ')</url>
      </entry>
      <entry>
        <text>D/l report: serv with cashflow and expend              </text>
        <url>Javascript:placeTitle('#WO56PE  ')</url>
      </entry>
      <entry>
        <text>D/l report: cons with cashflow and expend              </text>
        <url>Javascript:placeTitle('#WO57PE  ')</url>
      </entry>
      <entry>
        <text>D/l report: budget per category with totals            </text>
        <url>Javascript:placeTitle('#WE41PE  ')</url>
      </entry>
      <entry>
        <text>Enquiry : expenditure per client department            </text>
        <url>Javascript:placeTitle('#WO08PE  ')</url>
      </entry>
      <entry>
        <text>D/l report: value of work per beneficiary              </text>
        <url>Javascript:placeTitle('#WO58PE  ')</url>
      </entry>
      <entry>
        <text>D/l report: beneficiaries per contract                 </text>
        <url>Javascript:placeTitle('#WO09PE  ')</url>
      </entry>
      <entry>
        <text>D/l report: facilities management report               </text>
        <url>Javascript:placeTitle('#WO16PE  ')</url>
      </entry>
      <entry>
        <text>D/l report: consultant apps per region                 </text>
        <url>Javascript:placeTitle('#WO19PE  ')</url>
      </entry>
      <entry>
        <text>D/l report: service progress update report             </text>
        <url>Javascript:placeTitle('#WO43PE  ')</url>
      </entry>
      <entry>
        <text>D/l report: list of top beneficiaries                  </text>
        <url>Javascript:placeTitle('#WO05PE  ')</url>
      </entry>
      <entry>
        <text>D/l report: consultants without apps                   </text>
        <url>Javascript:placeTitle('#WO27PE  ')</url>
      </entry>
      <entry>
        <text>D/l report: total payments per consultant              </text>
        <url>Javascript:placeTitle('#WO26PE  ')</url>
      </entry>
      <entry>
        <text>D/l report: all consultants on the register            </text>
        <url>Javascript:placeTitle('#WO59PE  ')</url>
      </entry>
      <entry>
        <text>D/l report: treasury-pmnts per benef, clnt             </text>
        <url>Javascript:placeTitle('#WO60PE  ')</url>
      </entry>
      <entry>
        <text>Report of milestone exceptions                         </text>
        <url>Javascript:placeTitle('#WO61PE  ')</url>
      </entry>
      <entry>
        <text>D/l report: occ health, safety, env data               </text>
        <url>Javascript:placeTitle('#WO62PE  ')</url>
      </entry>
      <entry>
        <text>D/l report: expanded public works programme            </text>
        <url>Javascript:placeTitle('#WO63PE  ')</url>
      </entry>
      <entry>
        <text>D/l report: monthly expen based on we53pe              </text>
        <url>Javascript:placeTitle('#WE08PE  ')</url>
      </entry>
      <entry>
        <text>D/l report: exception report for late final dates      </text>
        <url>Javascript:placeTitle('#WO64PE  ')</url>
      </entry>
    </entry>
  </entry>
  <entry>
    <text>User administration                                    </text>
    <url> </url>
    <entry>
      <text>Register: new system user                              </text>
      <url>Javascript:placeTitle('#ADDUSER ')</url>
    </entry>
    <entry>
      <text>Update  : system user detail                           </text>
      <url>Javascript:placeTitle('#MODUSER ')</url>
    </entry>
    <entry>
      <text>Enquiry : system user detail                           </text>
      <url>Javascript:placeTitle('#ENQUSER ')</url>
    </entry>
    <entry>
      <text>Reset system user passwords                            </text>
      <url>Javascript:placeTitle('#PASSWORD')</url>
    </entry>
    <entry>
      <text>Print system user s profile                            </text>
      <url>Javascript:placeTitle('#PROFPRNT')</url>
    </entry>
    <entry>
      <text>Enquiry : list system users alphabetic by division     </text>
      <url>Javascript:placeTitle('#USERDIVA')</url>
    </entry>
    <entry>
      <text>Enquiry : list system users numeric by division        </text>
      <url>Javascript:placeTitle('#USERDIVN')</url>
    </entry>
    <entry>
      <text>Enquiry : list system users alphabetic                 </text>
      <url>Javascript:placeTitle('#LISTUSER')</url>
    </entry>
    <entry>
      <text>Enquiry : password reset audit                         </text>
      <url>Javascript:placeTitle('#PASS-AUD')</url>
    </entry>
    <entry>
      <text>Enquiry : list system users per region                 </text>
      <url>Javascript:placeTitle('#USERLIST')</url>
    </entry>
    <entry>
      <text>Enquiry : users logged on to the wims system           </text>
      <url>Javascript:placeTitle('#USERLOG ')</url>
    </entry>
  </entry>
  <entry>
    <text>Access control of users                                </text>
    <url> </url>
    <entry>
      <text>Copy user profile                                      </text>
      <url>Javascript:placeTitle('#COPYPROF')</url>
    </entry>
    <entry>
      <text>Link menu/functions to a newly created menu            </text>
      <url>Javascript:placeTitle('#NEWMENU ')</url>
    </entry>
    <entry>
      <text>Add menu/functions to an existing menu                 </text>
      <url>Javascript:placeTitle('#MODMENU ')</url>
    </entry>
    <entry>
      <text>Enquiry: menus/functions allocated to an user          </text>
      <url>Javascript:placeTitle('#ENQMENU ')</url>
    </entry>
    <entry>
      <text>Delete : system user s profile/menu from a profile     </text>
      <url>Javascript:placeTitle('#DELMENU ')</url>
    </entry>
    <entry>
      <text>Copy menus/functions from one user to another          </text>
      <url>Javascript:placeTitle('#COPYMENU')</url>
    </entry>
    <entry>
      <text>Print system user s profile                            </text>
      <url>Javascript:placeTitle('#PROFPRNT')</url>
    </entry>
    <entry>
      <text>Update : existing menu description for spec user       </text>
      <url>Javascript:placeTitle('#MENU-FIX')</url>
    </entry>
    <entry>
      <text>Allocate function to more than 1 system user           </text>
      <url>Javascript:placeTitle('#COPY-F  ')</url>
    </entry>
    <entry>
      <text>Delete : specific function from all profiles           </text>
      <url>Javascript:placeTitle('#DEL-FUNC')</url>
    </entry>
    <entry>
      <text>Delete : specific menu from all profiles               </text>
      <url>Javascript:placeTitle('#DEL-MENU')</url>
    </entry>
    <entry>
      <text>Enquiry : menus for a specific function                </text>
      <url>Javascript:placeTitle('#ENQ-FUNC')</url>
    </entry>
    <entry>
      <text>Enquiry : system users per function/menu               </text>
      <url>Javascript:placeTitle('#ENQ-USER')</url>
    </entry>
    <entry>
      <text>Enquiry : functions used in the system                 </text>
      <url>Javascript:placeTitle('#FUNC-LOG')</url>
    </entry>
    <entry>
      <text>Allocate menu with functions to more than 1 user       </text>
      <url>Javascript:placeTitle('#COPY-M  ')</url>
    </entry>
    <entry>
      <text>Add/update red buttons to function maps                </text>
      <url>Javascript:placeTitle('#NEWRBTN ')</url>
    </entry>
    <entry>
      <text>Enquiry : red btn function maps                        </text>
      <url>Javascript:placeTitle('#ENQRBTN ')</url>
    </entry>
    <entry>
      <text>Add/update gray buttons to function maps               </text>
      <url>Javascript:placeTitle('#NEWGBTN ')</url>
    </entry>
    <entry>
      <text>Enquiry : gray button function maps                    </text>
      <url>Javascript:placeTitle('#ENQGBTN ')</url>
    </entry>
    <entry>
      <text>Report of users with update functions                  </text>
      <url>Javascript:placeTitle('#UPDFUNC ')</url>
    </entry>
  </entry>
  <entry>
    <text>Central table/code administration                      </text>
    <url> </url>
    <entry>
      <text>Create : new central codes table                       </text>
      <url>Javascript:placeTitle('#ADDTABC ')</url>
    </entry>
    <entry>
      <text>Modify : central codes table detail                    </text>
      <url>Javascript:placeTitle('#MODTABC ')</url>
    </entry>
    <entry>
      <text>Enquiry: central codes table detail                    </text>
      <url>Javascript:placeTitle('#ENQTABC ')</url>
    </entry>
    <entry>
      <text>Enquiry: list of central code tables                   </text>
      <url>Javascript:placeTitle('#LISTTABC')</url>
    </entry>
    <entry>
      <text>Create : new central code record                       </text>
      <url>Javascript:placeTitle('#ADDCDEC ')</url>
    </entry>
    <entry>
      <text>Modify : central code record                           </text>
      <url>Javascript:placeTitle('#MODCDEC ')</url>
    </entry>
    <entry>
      <text>Enquiry: central code record (browse)                  </text>
      <url>Javascript:placeTitle('#ENQCODES')</url>
    </entry>
    <entry>
      <text>Enquiry: list all central codes per table              </text>
      <url>Javascript:placeTitle('#LISTCDEC')</url>
    </entry>
    <entry>
      <text>Delete : central code record                           </text>
      <url>Javascript:placeTitle('#DELCDEC ')</url>
    </entry>
    <entry>
      <text>Modify : central code synonyms                         </text>
      <url>Javascript:placeTitle('#SINCDEC ')</url>
    </entry>
    <entry>
      <text>Report : central tables and codes                      </text>
      <url>Javascript:placeTitle('#PRNTCDEC')</url>
    </entry>
    <entry>
      <text>Enquiry: central codes (multilevel)                    </text>
      <url>Javascript:placeTitle('#CODELEVL')</url>
    </entry>
    <entry>
      <text>Change : link between central codes                    </text>
      <url>Javascript:placeTitle('#CODELINK')</url>
    </entry>
  </entry>
  <entry>
    <text>Organisation table/code administration                 </text>
    <url> </url>
    <entry>
      <text>Create : organisational codes table                    </text>
      <url>Javascript:placeTitle('#ADDTABO ')</url>
    </entry>
    <entry>
      <text>Modify : organisational codes table detail             </text>
      <url>Javascript:placeTitle('#MODTABO ')</url>
    </entry>
    <entry>
      <text>Enquiry: organisational codes table detail             </text>
      <url>Javascript:placeTitle('#ENQTABO ')</url>
    </entry>
    <entry>
      <text>Enquiry: list organisational code tables               </text>
      <url>Javascript:placeTitle('#LISTTABO')</url>
    </entry>
    <entry>
      <text>Create : new organisational code record                </text>
      <url>Javascript:placeTitle('#ADDCDEO ')</url>
    </entry>
    <entry>
      <text>Modify : organisational code record                    </text>
      <url>Javascript:placeTitle('#MODCDEO ')</url>
    </entry>
    <entry>
      <text>Enquiry: organisational code record                    </text>
      <url>Javascript:placeTitle('#ENQCDEO ')</url>
    </entry>
    <entry>
      <text>Enquiry: list all organ codes per table                </text>
      <url>Javascript:placeTitle('#LISTCDEO')</url>
    </entry>
    <entry>
      <text>Delete : organisational code record                    </text>
      <url>Javascript:placeTitle('#DELCDEO ')</url>
    </entry>
    <entry>
      <text>Modify : organisational code synonyms                  </text>
      <url>Javascript:placeTitle('#SINCDEO ')</url>
    </entry>
    <entry>
      <text>Report : organisational tables and codes               </text>
      <url>Javascript:placeTitle('#PRNTCDEO')</url>
    </entry>
    <entry>
      <text>Enquiry: organisational codes (multilevel)             </text>
      <url>Javascript:placeTitle('#CDE2LEVL')</url>
    </entry>
    <entry>
      <text>Change : link between organisational codes             </text>
      <url>Javascript:placeTitle('#CDE2LINK')</url>
    </entry>
    <entry>
      <text>D/l report: category codes                             </text>
      <url>Javascript:placeTitle('#WO29PE  ')</url>
    </entry>
    <entry>
      <text>Enquiry: default bas asset to facility                 </text>
      <url>Javascript:placeTitle('#WA14PE  ')</url>
    </entry>
  </entry>
  <entry>
    <text>Job scheduling                                         </text>
    <url> </url>
    <entry>
      <text>Modify : batch job operator remarks                    </text>
      <url>Javascript:placeTitle('#CHJOBREM')</url>
    </entry>
    <entry>
      <text>Modify : batch job run time                            </text>
      <url>Javascript:placeTitle('#CHJOBTME')</url>
    </entry>
    <entry>
      <text>Enquiry: batch job type (auto run)                     </text>
      <url>Javascript:placeTitle('#ENQBTYPE')</url>
    </entry>
    <entry>
      <text>Enquiry: batch job type (scroll)                       </text>
      <url>Javascript:placeTitle('#LISTBAT ')</url>
    </entry>
    <entry>
      <text>Modify : batch job request                             </text>
      <url>Javascript:placeTitle('#CH-REQU ')</url>
    </entry>
    <entry>
      <text>Enquiry: list batch job requests per user              </text>
      <url>Javascript:placeTitle('#LISTREQU')</url>
    </entry>
    <entry>
      <text>Enquiry: batch job request per number                  </text>
      <url>Javascript:placeTitle('#ENQ-REQU')</url>
    </entry>
    <entry>
      <text>Update : batch job type (auto run)                     </text>
      <url>Javascript:placeTitle('#CH-BDATE')</url>
    </entry>
    <entry>
      <text>Create : automatic batch job requests                  </text>
      <url>Javascript:placeTitle('#OUTOJOB ')</url>
    </entry>
    <entry>
      <text>Submit : daily batch job requests (auto run)           </text>
      <url>Javascript:placeTitle('#SUBREQU ')</url>
    </entry>
    <entry>
      <text>Update : batch job request operator remarks            </text>
      <url>Javascript:placeTitle('#REQOPREM')</url>
    </entry>
    <entry>
      <text>Enquiry: operator schedule report                      </text>
      <url>Javascript:placeTitle('#SCHEDULE')</url>
    </entry>
    <entry>
      <text>Delete : old batch job requests                        </text>
      <url>Javascript:placeTitle('#DEL-REQU')</url>
    </entry>
  </entry>
  <entry>
    <text>Messages (send and receive)                            </text>
    <url> </url>
    <entry>
      <text>Send messages to users                                 </text>
      <url>Javascript:placeTitle('#WP08PU  ')</url>
    </entry>
    <entry>
      <text>Receive (read) messages                                </text>
      <url>Javascript:placeTitle('#WP09PE  ')</url>
    </entry>
    <entry>
      <text>General message                                        </text>
      <url>Javascript:placeTitle('#WP41PU  ')</url>
    </entry>
  </entry>
  <entry>
    <text>Text editor                                            </text>
    <url>Javascript:placeTitle('#TEXTEDIT')</url>
  </entry>
  <entry>
    <text>System parameters                                      </text>
    <url> </url>
    <entry>
      <text>Update : infrastructure parameters                     </text>
      <url>Javascript:placeTitle('#WCSADMIN')</url>
    </entry>
    <entry>
      <text>Update : organisation parameters                       </text>
      <url>Javascript:placeTitle('#WM59PU  ')</url>
    </entry>
    <entry>
      <text>Department user block parameters                       </text>
      <url>Javascript:placeTitle('#WN01PU  ')</url>
    </entry>
    <entry>
      <text>Category type user block parameters                    </text>
      <url>Javascript:placeTitle('#WN02PU  ')</url>
    </entry>
  </entry>
  <entry>
    <text>System batch jobs                                      </text>
    <url> </url>
    <entry>
      <text>Update : actual and projected expenditure              </text>
      <url>Javascript:placeTitle('#WE21PU  ')</url>
    </entry>
    <entry>
      <text>Update : incorrect service short-, status descr        </text>
      <url>Javascript:placeTitle('#WO22PU  ')</url>
    </entry>
  </entry>
  <entry>
    <text>System change request control                          </text>
    <url> </url>
    <entry>
      <text>Create : system change request                         </text>
      <url>Javascript:placeTitle('#WX20PS  ')</url>
    </entry>
    <entry>
      <text>Update : system change request                         </text>
      <url>Javascript:placeTitle('#WX20PU  ')</url>
    </entry>
    <entry>
      <text>Enquiry: system change request                         </text>
      <url>Javascript:placeTitle('#WX20PE  ')</url>
    </entry>
    <entry>
      <text>Delete : system change request                         </text>
      <url>Javascript:placeTitle('#WX20PD  ')</url>
    </entry>
    <entry>
      <text>Enquiry: system change requests by request number      </text>
      <url>Javascript:placeTitle('#WX21PE  ')</url>
    </entry>
    <entry>
      <text>Enquiry: system change requests by status              </text>
      <url>Javascript:placeTitle('#WX22PE  ')</url>
    </entry>
    <entry>
      <text>Enquiry: system change requests by  requested by       </text>
      <url>Javascript:placeTitle('#WX23PE  ')</url>
    </entry>
    <entry>
      <text>Enquiry: system change requests by  allocated to       </text>
      <url>Javascript:placeTitle('#WX24PE  ')</url>
    </entry>
    <entry>
      <text>Report : system change requests by request number      </text>
      <url>Javascript:placeTitle('#WX31PE  ')</url>
    </entry>
    <entry>
      <text>Report : system change requests by  requested by       </text>
      <url>Javascript:placeTitle('#WX32PE  ')</url>
    </entry>
    <entry>
      <text>Report : system change requests by  allocated to       </text>
      <url>Javascript:placeTitle('#WX33PE  ')</url>
    </entry>
    <entry>
      <text>Report : system change requests by status              </text>
      <url>Javascript:placeTitle('#WX34PE  ')</url>
    </entry>
  </entry>
  <entry>
    <text>Masakhe emerging contractors                           </text>
    <url> </url>
    <entry>
      <text>Register/update contractor particulars                 </text>
      <url>Javascript:placeTitle('#WI01PU  ')</url>
    </entry>
    <entry>
      <text>Enquiry: contractor particulars                        </text>
      <url>Javascript:placeTitle('#WI02PE  ')</url>
    </entry>
    <entry>
      <text>Update : contractor business detail                    </text>
      <url>Javascript:placeTitle('#WI03PU  ')</url>
    </entry>
    <entry>
      <text>Enquiry: contractor business detail                    </text>
      <url>Javascript:placeTitle('#WI04PE  ')</url>
    </entry>
    <entry>
      <text>Update : contractor banking detail                     </text>
      <url>Javascript:placeTitle('#WI09PU  ')</url>
    </entry>
    <entry>
      <text>Verify : contractor banking detail                     </text>
      <url>Javascript:placeTitle('#WI10PU  ')</url>
    </entry>
    <entry>
      <text>Update : beneficiary scm detail                        </text>
      <url>Javascript:placeTitle('#WI12PU  ')</url>
    </entry>
    <entry>
      <text>Update : masakhe mentor detail                         </text>
      <url>Javascript:placeTitle('#WG28PU  ')</url>
    </entry>
    <entry>
      <text>Enquiry: masakhe mentor detail                         </text>
      <url>Javascript:placeTitle('#WG29PE  ')</url>
    </entry>
    <entry>
      <text>Update : masakhe assessment                            </text>
      <url>Javascript:placeTitle('#WG30PU  ')</url>
    </entry>
    <entry>
      <text>Enquiry: masakhe assessment                            </text>
      <url>Javascript:placeTitle('#WG31PE  ')</url>
    </entry>
    <entry>
      <text>Update : mentorship milestone questions                </text>
      <url>Javascript:placeTitle('#WG07PU  ')</url>
    </entry>
    <entry>
      <text>Enquiry: mentorship milestone questions                </text>
      <url>Javascript:placeTitle('#WG08PE  ')</url>
    </entry>
  </entry>
</menu>