﻿<?xml version="1.0" encoding="utf-8"?>
<menu>
  <entry>
    <text>Favourites                                             </text>
    <url> </url>
    <entry>
      <text>Modify personal menu                                   </text>
      <url>Javascript:placeTitle('#PER-MODI')</url>
    </entry>
    <entry>
      <text>Milestone updates                                      </text>
      <url>Javascript:placeTitle('#PBS-U   ')</url>
    </entry>
    <entry>
      <text>Wa01ps create service                                  </text>
      <url>Javascript:placeTitle('#WA01PS  ')</url>
    </entry>
    <entry>
      <text>Wa02pu update service                                  </text>
      <url>Javascript:placeTitle('#WA02PU  ')</url>
    </entry>
    <entry>
      <text>Total service expend enq                               </text>
      <url>Javascript:placeTitle('#WA08PE  ')</url>
    </entry>
    <entry>
      <text>Wa10pe complex name enq                                </text>
      <url>Javascript:placeTitle('#WA10PE  ')</url>
    </entry>
    <entry>
      <text>Wc05pu proj leader appoin                              </text>
      <url>Javascript:placeTitle('#WC05PU  ')</url>
    </entry>
    <entry>
      <text>We03pu c/f monthly u/date                              </text>
      <url>Javascript:placeTitle('#WE03PU  ')</url>
    </entry>
    <entry>
      <text>We54pu c/f annual u/date                               </text>
      <url>Javascript:placeTitle('#WE54PU  ')</url>
    </entry>
    <entry>
      <text>Wg09pe payments per contr                              </text>
      <url>Javascript:placeTitle('#WG09PE  ')</url>
    </entry>
    <entry>
      <text>Wj07pu accept authorisati                              </text>
      <url>Javascript:placeTitle('#WJ07PU  ')</url>
    </entry>
    <entry>
      <text>Wk03pu appoint consultant                              </text>
      <url>Javascript:placeTitle('#WK03PU  ')</url>
    </entry>
    <entry>
      <text>Wk13pu consultant  update                              </text>
      <url>Javascript:placeTitle('#WK13PU  ')</url>
    </entry>
    <entry>
      <text>Wk17pe consultant appoint                              </text>
      <url>Javascript:placeTitle('#WK17PE  ')</url>
    </entry>
    <entry>
      <text>Wk21pe consult expenditur                              </text>
      <url>Javascript:placeTitle('#WK21PE  ')</url>
    </entry>
  </entry>
  <entry>
    <text>Works information management system                    </text>
    <url> </url>
    <entry>
      <text>Service administration                                 </text>
      <url> </url>
      <entry>
        <text>Enquiry: new infrastructure expansion detail           </text>
        <url>Javascript:placeTitle('#WB02PE  ')</url>
      </entry>
      <entry>
        <text>Update : new infrastructure exp detail per service     </text>
        <url>Javascript:placeTitle('#WB03PU  ')</url>
      </entry>
      <entry>
        <text>Enquiry: new infrastructure exp detail per service     </text>
        <url>Javascript:placeTitle('#WB04PE  ')</url>
      </entry>
    </entry>
    <entry>
      <text>Contracts and project budgets                          </text>
      <url> </url>
      <entry>
        <text>Contracts and project budgets                          </text>
        <url> </url>
        <entry>
          <text>Create/update estimates                                </text>
          <url>Javascript:placeTitle('#WD01PU  ')</url>
        </entry>
        <entry>
          <text>Enquiry: estimates                                     </text>
          <url>Javascript:placeTitle('#WD02PE  ')</url>
        </entry>
        <entry>
          <text>Delete : estimates                                     </text>
          <url>Javascript:placeTitle('#WD03PD  ')</url>
        </entry>
        <entry>
          <text>Print  : estimate report                               </text>
          <url>Javascript:placeTitle('#WD18PU  ')</url>
        </entry>
        <entry>
          <text>Enquiry: unaccepted estimates                          </text>
          <url>Javascript:placeTitle('#WD20PE  ')</url>
        </entry>
        <entry>
          <text>Enquiry: estimates per service                         </text>
          <url>Javascript:placeTitle('#WD04PE  ')</url>
        </entry>
        <entry>
          <text>Accept : project budget estimate                       </text>
          <url>Javascript:placeTitle('#WD06PU  ')</url>
        </entry>
      </entry>
      <entry>
        <text>Project budget parameters                              </text>
        <url> </url>
        <entry>
          <text>Enquiry: default unforseen, vat and cpab values        </text>
          <url>Javascript:placeTitle('#WD11PE  ')</url>
        </entry>
        <entry>
          <text>Enquiry: cpap index                                    </text>
          <url>Javascript:placeTitle('#WD17PE  ')</url>
        </entry>
        <entry>
          <text>Enquiry: building costs index                          </text>
          <url>Javascript:placeTitle('#WD15PE  ')</url>
        </entry>
      </entry>
    </entry>
    <entry>
      <text>Budget control                                         </text>
      <url> </url>
      <entry>
        <text>Compiling of the building program                      </text>
        <url> </url>
        <entry>
          <text>Drafting/manipulation of the building program          </text>
          <url>Javascript:placeTitle('#WE01PU  ')</url>
        </entry>
        <entry>
          <text>Enquiry: building program                              </text>
          <url>Javascript:placeTitle('#WE02PE  ')</url>
        </entry>
        <entry>
          <text>Enquiry: prog services with expenditure per fin yr     </text>
          <url>Javascript:placeTitle('#WA20PE  ')</url>
        </entry>
        <entry>
          <text>Enquiry: categories linked to an objective             </text>
          <url>Javascript:placeTitle('#WE51PE  ')</url>
        </entry>
      </entry>
      <entry>
        <text>Project administration                                 </text>
        <url> </url>
        <entry>
          <text>Create : project                                       </text>
          <url>Javascript:placeTitle('#WC01PS  ')</url>
        </entry>
        <entry>
          <text>Update : project (link category code)                  </text>
          <url>Javascript:placeTitle('#WC02PU  ')</url>
        </entry>
        <entry>
          <text>Enquiry: project                                       </text>
          <url>Javascript:placeTitle('#WC03PE  ')</url>
        </entry>
        <entry>
          <text>Enquiry: services per project                          </text>
          <url>Javascript:placeTitle('#WC04PE  ')</url>
        </entry>
        <entry>
          <text>Enquiry: actual and projected expend per project       </text>
          <url>Javascript:placeTitle('#WC11PE  ')</url>
        </entry>
        <entry>
          <text>Enquiry: category and client dept per project          </text>
          <url>Javascript:placeTitle('#WC13PE  ')</url>
        </entry>
        <entry>
          <text>Enquiry: services linked to a project per object       </text>
          <url>Javascript:placeTitle('#WC15PE  ')</url>
        </entry>
      </entry>
      <entry>
        <text>Project budget authorisations                          </text>
        <url> </url>
        <entry>
          <text>Summary: requested authorisations per contract         </text>
          <url>Javascript:placeTitle('#WJ01PE  ')</url>
        </entry>
        <entry>
          <text>Enquiry: requested authorisations per contract         </text>
          <url>Javascript:placeTitle('#WJ03PE  ')</url>
        </entry>
        <entry>
          <text>Delete : requested authorisations per contract         </text>
          <url>Javascript:placeTitle('#WJ04PD  ')</url>
        </entry>
        <entry>
          <text>Enquiry: unaccepted authorisations per contract        </text>
          <url>Javascript:placeTitle('#WJ06PE  ')</url>
        </entry>
        <entry>
          <text>Accept : authorisations per contract                   </text>
          <url>Javascript:placeTitle('#WJ07PU  ')</url>
        </entry>
        <entry>
          <text>Enquiry: funds authorised per project/serv/cntr        </text>
          <url>Javascript:placeTitle('#WJ08PE  ')</url>
        </entry>
        <entry>
          <text>Accept : consultant authorisation per contract         </text>
          <url>Javascript:placeTitle('#WJ15PU  ')</url>
        </entry>
        <entry>
          <text>Summary: consultant authorisations per contract        </text>
          <url>Javascript:placeTitle('#WJ16PE  ')</url>
        </entry>
        <entry>
          <text>Enquiry: consultant authorisations per contract        </text>
          <url>Javascript:placeTitle('#WJ17PE  ')</url>
        </entry>
        <entry>
          <text>Add/update request authorisation per contract          </text>
          <url>Javascript:placeTitle('#WJ02PU  ')</url>
        </entry>
        <entry>
          <text>Create/update cons proj budg auth per app              </text>
          <url>Javascript:placeTitle('#WJ10PU  ')</url>
        </entry>
      </entry>
      <entry>
        <text>Cash flow                                              </text>
        <url> </url>
        <entry>
          <text>Enquiry: cash flow per service                         </text>
          <url>Javascript:placeTitle('#WE14PE  ')</url>
        </entry>
        <entry>
          <text>Enquiry: cash flow default values                      </text>
          <url>Javascript:placeTitle('#WE18PE  ')</url>
        </entry>
        <entry>
          <text>Enquiry: cash flow default values - service types      </text>
          <url>Javascript:placeTitle('#WE24PE  ')</url>
        </entry>
        <entry>
          <text>Enquiry: contract expend per service (excl. fees)      </text>
          <url>Javascript:placeTitle('#WG18PE  ')</url>
        </entry>
        <entry>
          <text>Enquiry: progressive monthly expend per category       </text>
          <url>Javascript:placeTitle('#WE11PE  ')</url>
        </entry>
        <entry>
          <text>Create/update consultant cash flow per appointment     </text>
          <url>Javascript:placeTitle('#WE59PU  ')</url>
        </entry>
        <entry>
          <text>Enquiry: consultant cash flow per appointment          </text>
          <url>Javascript:placeTitle('#WE58PE  ')</url>
        </entry>
        <entry>
          <text>Create/update cash flow per contract                   </text>
          <url>Javascript:placeTitle('#WE54PU  ')</url>
        </entry>
        <entry>
          <text>Create/update cash flow per service                    </text>
          <url>Javascript:placeTitle('#WE13PU  ')</url>
        </entry>
        <entry>
          <text>Enquiry: cash flow per contract                        </text>
          <url>Javascript:placeTitle('#WE55PE  ')</url>
        </entry>
        <entry>
          <text>Summary: monthly consultant expend per category        </text>
          <url>Javascript:placeTitle('#WE60PE  ')</url>
        </entry>
        <entry>
          <text>Create/update monthly construction cash flow           </text>
          <url>Javascript:placeTitle('#WE03PU  ')</url>
        </entry>
        <entry>
          <text>Enquiry: monthly construction cash flow                </text>
          <url>Javascript:placeTitle('#WE04PE  ')</url>
        </entry>
        <entry>
          <text>Create/update monthly consultant cash flow             </text>
          <url>Javascript:placeTitle('#WE36PU  ')</url>
        </entry>
        <entry>
          <text>Enquiry: monthly consultant cash flow                  </text>
          <url>Javascript:placeTitle('#WE37PE  ')</url>
        </entry>
        <entry>
          <text>Report : monthly cashflow exception                    </text>
          <url>Javascript:placeTitle('#WE38PE  ')</url>
        </entry>
      </entry>
    </entry>
    <entry>
      <text>Planning affairs                                       </text>
      <url> </url>
      <entry>
        <text>Planning instruction and project team                  </text>
        <url> </url>
        <entry>
          <text>Issue planning instruction                             </text>
          <url>Javascript:placeTitle('#WE19PU  ')</url>
        </entry>
        <entry>
          <text>Enquiry: issue of planning instruction                 </text>
          <url>Javascript:placeTitle('#WE20PE  ')</url>
        </entry>
        <entry>
          <text>Update : departmental project team                     </text>
          <url>Javascript:placeTitle('#WC05PU  ')</url>
        </entry>
        <entry>
          <text>Enquiry: departmental project team                     </text>
          <url>Javascript:placeTitle('#WC06PE  ')</url>
        </entry>
        <entry>
          <text>Enquiry: services per team member                      </text>
          <url>Javascript:placeTitle('#WC09PE  ')</url>
        </entry>
        <entry>
          <text>Enquiry: contracts per service/team member             </text>
          <url>Javascript:placeTitle('#WC10PE  ')</url>
        </entry>
      </entry>
      <entry>
        <text>Project management (planning dates)                    </text>
        <url> </url>
        <entry>
          <text>Update : all milestones                                </text>
          <url>Javascript:placeTitle('#PBS-U   ')</url>
        </entry>
        <entry>
          <text>Enquiry: all milestones                                </text>
          <url>Javascript:placeTitle('#PBS-E   ')</url>
        </entry>
      </entry>
      <entry>
        <text>Project management reports                             </text>
        <url> </url>
        <entry>
          <text>Report  : planning schedule (printout)                 </text>
          <url>Javascript:placeTitle('#WO07PE  ')</url>
        </entry>
        <entry>
          <text>D/l report : project leader load - summarised          </text>
          <url>Javascript:placeTitle('#WO10PE  ')</url>
        </entry>
        <entry>
          <text>Report : services per project leader (printout)        </text>
          <url>Javascript:placeTitle('#WO11PE  ')</url>
        </entry>
        <entry>
          <text>Report  : detail service status                        </text>
          <url>Javascript:placeTitle('#WO12PE  ')</url>
        </entry>
        <entry>
          <text>Report  : delay reason analysis                        </text>
          <url>Javascript:placeTitle('#WO13PE  ')</url>
        </entry>
        <entry>
          <text>Report  : project leader load per service status       </text>
          <url>Javascript:placeTitle('#WO15PE  ')</url>
        </entry>
        <entry>
          <text>Enquiry : services per project leader (online)         </text>
          <url>Javascript:placeTitle('#WO17PE  ')</url>
        </entry>
        <entry>
          <text>Diary   : outstanding milestones by project leader     </text>
          <url>Javascript:placeTitle('#WO18PE  ')</url>
        </entry>
        <entry>
          <text>Report  : services without a project leader            </text>
          <url>Javascript:placeTitle('#WO20PE  ')</url>
        </entry>
        <entry>
          <text>Enquiry : services already late                        </text>
          <url>Javascript:placeTitle('#WO21PE  ')</url>
        </entry>
      </entry>
    </entry>
    <entry>
      <text>Tender and contract details                            </text>
      <url> </url>
      <entry>
        <text>Tender and contract administration                     </text>
        <url> </url>
        <entry>
          <text>Update : tender advertisement detail                   </text>
          <url>Javascript:placeTitle('#WG01PU  ')</url>
        </entry>
        <entry>
          <text>Enquiry: tender advertisement detail                   </text>
          <url>Javascript:placeTitle('#WG02PE  ')</url>
        </entry>
        <entry>
          <text>Update : tender/contract detail                        </text>
          <url>Javascript:placeTitle('#WG03PU  ')</url>
        </entry>
        <entry>
          <text>Enquiry: tender/contract detail                        </text>
          <url>Javascript:placeTitle('#WG04PE  ')</url>
        </entry>
        <entry>
          <text>Change service main contract                           </text>
          <url>Javascript:placeTitle('#WA07PU  ')</url>
        </entry>
        <entry>
          <text>Delete : contract and tender detail                    </text>
          <url>Javascript:placeTitle('#WG21PD  ')</url>
        </entry>
        <entry>
          <text>Enquiry: contracts per tender number                   </text>
          <url>Javascript:placeTitle('#WG22PE  ')</url>
        </entry>
        <entry>
          <text>Budget control                                         </text>
          <url>Javascript:placeTitle('#WG23PU  ')</url>
        </entry>
        <entry>
          <text>Budget control                                         </text>
          <url>Javascript:placeTitle('#WG24PU  ')</url>
        </entry>
        <entry>
          <text>Enquiry: occupational health, safety, environ data     </text>
          <url>Javascript:placeTitle('#WG25PE  ')</url>
        </entry>
        <entry>
          <text>Budget control                                         </text>
          <url>Javascript:placeTitle('#WG26PU  ')</url>
        </entry>
        <entry>
          <text>Budget control                                         </text>
          <url>Javascript:placeTitle('#WG27PE  ')</url>
        </entry>
        <entry>
          <text>Enquiry: progress payments per contract                </text>
          <url>Javascript:placeTitle('#WG09PE  ')</url>
        </entry>
        <entry>
          <text>Enquiry: contract expend per service (excl. fees)      </text>
          <url>Javascript:placeTitle('#WG18PE  ')</url>
        </entry>
      </entry>
      <entry>
        <text>Contract progress                                      </text>
        <url> </url>
        <entry>
          <text>Update : progress/delay report by project leader       </text>
          <url>Javascript:placeTitle('#WG05PU  ')</url>
        </entry>
        <entry>
          <text>Enquiry: progress/delay report by project leader       </text>
          <url>Javascript:placeTitle('#WG06PE  ')</url>
        </entry>
        <entry>
          <text>Enquiry: contract progress according to system         </text>
          <url>Javascript:placeTitle('#WG19PE  ')</url>
        </entry>
        <entry>
          <text>Summary: contract progress per service                 </text>
          <url>Javascript:placeTitle('#WG12PE  ')</url>
        </entry>
        <entry>
          <text>Enquiry: general contract detail (incl. fees)          </text>
          <url>Javascript:placeTitle('#WG11PE  ')</url>
        </entry>
        <entry>
          <text>Enquiry: services per team member                      </text>
          <url>Javascript:placeTitle('#WC09PE  ')</url>
        </entry>
        <entry>
          <text>Enquiry: contracts per service/team member             </text>
          <url>Javascript:placeTitle('#WC10PE  ')</url>
        </entry>
        <entry>
          <text>Enquiry: contract expend per service (excl. fees)      </text>
          <url>Javascript:placeTitle('#WG18PE  ')</url>
        </entry>
        <entry>
          <text>Enquiry: progress limit table                          </text>
          <url>Javascript:placeTitle('#WG15PE  ')</url>
        </entry>
      </entry>
      <entry>
        <text>Contractors administration                             </text>
        <url> </url>
        <entry>
          <text>Enquiry: sub-contractors linked to a contractor        </text>
          <url>Javascript:placeTitle('#WL02PE  ')</url>
        </entry>
        <entry>
          <text>Close/block contract                                   </text>
          <url>Javascript:placeTitle('#WL04PU  ')</url>
        </entry>
        <entry>
          <text>Enquiry: services per contractor (based on wg03pu)     </text>
          <url>Javascript:placeTitle('#WL05PE  ')</url>
        </entry>
        <entry>
          <text>Enquiry: contractors per service                       </text>
          <url>Javascript:placeTitle('#WL06PE  ')</url>
        </entry>
        <entry>
          <text>Enquiry: ceding/liquidation of contractor              </text>
          <url>Javascript:placeTitle('#WL07PE  ')</url>
        </entry>
        <entry>
          <text>Delete : contract and tender detail                    </text>
          <url>Javascript:placeTitle('#WG21PD  ')</url>
        </entry>
      </entry>
    </entry>
    <entry>
      <text>Consultant administration                              </text>
      <url> </url>
      <entry>
        <text>Consultants panel                                      </text>
        <url> </url>
        <entry>
          <text>Enquiry: departmental consultant panel                 </text>
          <url>Javascript:placeTitle('#WK02PE  ')</url>
        </entry>
      </entry>
      <entry>
        <text>Appointment of consultants                             </text>
        <url> </url>
        <entry>
          <text>Create/update consultant appointments per service      </text>
          <url>Javascript:placeTitle('#WK03PU  ')</url>
        </entry>
        <entry>
          <text>Enquiry: consultant appointments per service           </text>
          <url>Javascript:placeTitle('#WK04PE  ')</url>
        </entry>
        <entry>
          <text>Enquiry: sub-consultants linked to a consultant        </text>
          <url>Javascript:placeTitle('#WK08PE  ')</url>
        </entry>
        <entry>
          <text>Enquiry: completion/cancellation of cons appointm      </text>
          <url>Javascript:placeTitle('#WK10PE  ')</url>
        </entry>
        <entry>
          <text>Summary: appointments per consultant                   </text>
          <url>Javascript:placeTitle('#WK12PE  ')</url>
        </entry>
        <entry>
          <text>Summary: consultant appointments per service           </text>
          <url>Javascript:placeTitle('#WK17PE  ')</url>
        </entry>
        <entry>
          <text>Report : consultants on panel                          </text>
          <url>Javascript:placeTitle('#WK23PE  ')</url>
        </entry>
        <entry>
          <text>Report : consultant appointments per date (1 town)     </text>
          <url>Javascript:placeTitle('#WK24PE  ')</url>
        </entry>
        <entry>
          <text>Report : appointments per capita                       </text>
          <url>Javascript:placeTitle('#WK25PE  ')</url>
        </entry>
        <entry>
          <text>Report : appointments per date (1 or more towns)       </text>
          <url>Javascript:placeTitle('#WK26PE  ')</url>
        </entry>
        <entry>
          <text>Report : consultant nomination list per formula        </text>
          <url>Javascript:placeTitle('#WK27PE  ')</url>
        </entry>
        <entry>
          <text>Enquiry: ceding/liquidation of consultants             </text>
          <url>Javascript:placeTitle('#WK62PE  ')</url>
        </entry>
        <entry>
          <text>Enquiry: default values for appointment types          </text>
          <url>Javascript:placeTitle('#WK19PE  ')</url>
        </entry>
        <entry>
          <text>Enquiry: appointments per consultant                   </text>
          <url>Javascript:placeTitle('#WK15PE  ')</url>
        </entry>
        <entry>
          <text>Enquiry: consultant payments per service               </text>
          <url>Javascript:placeTitle('#WK33PE  ')</url>
        </entry>
      </entry>
      <entry>
        <text>Consultants expenditure                                </text>
        <url> </url>
        <entry>
          <text>Enquiry: consultant account per service/section        </text>
          <url>Javascript:placeTitle('#WK20PE  ')</url>
        </entry>
        <entry>
          <text>Summary: total consultant expenditure-per division     </text>
          <url>Javascript:placeTitle('#WK21PE  ')</url>
        </entry>
      </entry>
      <entry>
        <text>Consultant parameters                                  </text>
        <url> </url>
        <entry>
          <text>Enquiry: nomination formula variables                  </text>
          <url>Javascript:placeTitle('#WK28PE  ')</url>
        </entry>
        <entry>
          <text>Update : default consultant   for a service            </text>
          <url>Javascript:placeTitle('#WK13PU  ')</url>
        </entry>
        <entry>
          <text>Enquiry: default consultant   for a service            </text>
          <url>Javascript:placeTitle('#WK14PE  ')</url>
        </entry>
      </entry>
    </entry>
    <entry>
      <text>Payments                                               </text>
      <url> </url>
      <entry>
        <text>Contract - payments                                    </text>
        <url> </url>
        <entry>
          <text>Update : contractor payment history                    </text>
          <url>Javascript:placeTitle('#WM16PU  ')</url>
        </entry>
        <entry>
          <text>Enquiry: contractor payment history                    </text>
          <url>Javascript:placeTitle('#WM17PE  ')</url>
        </entry>
        <entry>
          <text>Delete : contractor payment history                    </text>
          <url>Javascript:placeTitle('#WM18PD  ')</url>
        </entry>
        <entry>
          <text>Enquiry: contractor payments                           </text>
          <url>Javascript:placeTitle('#WM20PE  ')</url>
        </entry>
        <entry>
          <text>Delete : contractor payments                           </text>
          <url>Javascript:placeTitle('#WM21PD  ')</url>
        </entry>
        <entry>
          <text>Enquiry: payments per beneficiary                      </text>
          <url>Javascript:placeTitle('#WM65PE  ')</url>
        </entry>
        <entry>
          <text>Enquiry: payments per advice number                    </text>
          <url>Javascript:placeTitle('#WM36PE  ')</url>
        </entry>
        <entry>
          <text>Enquiry: progress payments per contract                </text>
          <url>Javascript:placeTitle('#WG09PE  ')</url>
        </entry>
      </entry>
      <entry>
        <text>Supplier - payments                                    </text>
        <url> </url>
        <entry>
          <text>Enquiry: supplier payment history                      </text>
          <url>Javascript:placeTitle('#WM26PE  ')</url>
        </entry>
        <entry>
          <text>Enquiry: supplier payments                             </text>
          <url>Javascript:placeTitle('#WM29PE  ')</url>
        </entry>
        <entry>
          <text>Enquiry: order/supplier detail per contract            </text>
          <url>Javascript:placeTitle('#WM35PE  ')</url>
        </entry>
        <entry>
          <text>Enquiry: order/lease or acquisition number             </text>
          <url>Javascript:placeTitle('#WM24PE  ')</url>
        </entry>
        <entry>
          <text>Enquiry: progress payments per contract                </text>
          <url>Javascript:placeTitle('#WG09PE  ')</url>
        </entry>
        <entry>
          <text>Enquiry: list order detail per contract                </text>
          <url>Javascript:placeTitle('#WM60PE  ')</url>
        </entry>
      </entry>
      <entry>
        <text>Journals                                               </text>
        <url> </url>
        <entry>
          <text>Enquiry: contractor journal transactions               </text>
          <url>Javascript:placeTitle('#WM40PE  ')</url>
        </entry>
        <entry>
          <text>Enquiry: consultant journal transactions               </text>
          <url>Javascript:placeTitle('#WM49PE  ')</url>
        </entry>
      </entry>
      <entry>
        <text>Consultants - payments                                 </text>
        <url> </url>
        <entry>
          <text>Enquiry: consultant payment history                    </text>
          <url>Javascript:placeTitle('#WM02PE  ')</url>
        </entry>
        <entry>
          <text>Enquiry: consultant payments                           </text>
          <url>Javascript:placeTitle('#WM05PE  ')</url>
        </entry>
        <entry>
          <text>Enquiry: consultant payments per service               </text>
          <url>Javascript:placeTitle('#WK33PE  ')</url>
        </entry>
        <entry>
          <text>Enquiry: payments per advice number                    </text>
          <url>Javascript:placeTitle('#WM36PE  ')</url>
        </entry>
      </entry>
      <entry>
        <text>Recover over payments                                  </text>
        <url> </url>
        <entry>
          <text>Enquiry: contractor payment recovery                   </text>
          <url>Javascript:placeTitle('#WM32PE  ')</url>
        </entry>
        <entry>
          <text>Enquiry: consultant payment recovery                   </text>
          <url>Javascript:placeTitle('#WM47PE  ')</url>
        </entry>
      </entry>
      <entry>
        <text>Verification of payments                               </text>
        <url> </url>
        <entry>
          <text>Enquiry: payments not yet verified                     </text>
          <url>Javascript:placeTitle('#WM09PE  ')</url>
        </entry>
        <entry>
          <text>Enquiry: payments already verified                     </text>
          <url>Javascript:placeTitle('#WM08PE  ')</url>
        </entry>
        <entry>
          <text>Enquiry: payments due                                  </text>
          <url>Javascript:placeTitle('#WM58PE  ')</url>
        </entry>
        <entry>
          <text>Budget control                                         </text>
          <url>Javascript:placeTitle('#WM81PE  ')</url>
        </entry>
        <entry>
          <text>Budget control                                         </text>
          <url>Javascript:placeTitle('#WM82PE  ')</url>
        </entry>
      </entry>
      <entry>
        <text>Payment reference numbers                              </text>
        <url> </url>
        <entry>
          <text>Enquiry: pmnt reference no and date                    </text>
          <url>Javascript:placeTitle('#WM11PE  ')</url>
        </entry>
        <entry>
          <text>Enquiry: payments per payment reference number         </text>
          <url>Javascript:placeTitle('#WM76PE  ')</url>
        </entry>
      </entry>
      <entry>
        <text>Submit fms payments                                    </text>
        <url> </url>
        <entry>
          <text>Enquiry: payments per batch number                     </text>
          <url>Javascript:placeTitle('#WM55PE  ')</url>
        </entry>
      </entry>
      <entry>
        <text>Enquiry: payments due                                  </text>
        <url>Javascript:placeTitle('#WM58PE  ')</url>
      </entry>
      <entry>
        <text>Enquiry: order/lease or acquisition number             </text>
        <url>Javascript:placeTitle('#WM24PE  ')</url>
      </entry>
      <entry>
        <text>Enquiry: payments per beneficiary                      </text>
        <url>Javascript:placeTitle('#WM65PE  ')</url>
      </entry>
      <entry>
        <text>Enquiry: allocation default values per region          </text>
        <url>Javascript:placeTitle('#WM64PE  ')</url>
      </entry>
      <entry>
        <text>Enquiry: voucher control (contr,suppl,lessor,conv)     </text>
        <url>Javascript:placeTitle('#WM82PE  ')</url>
      </entry>
      <entry>
        <text>Enquiry: penalty amounts per contract                  </text>
        <url>Javascript:placeTitle('#WM34PE  ')</url>
      </entry>
    </entry>
    <entry>
      <text>Central registers - contractors and consultants        </text>
      <url> </url>
      <entry>
        <text>Contractor s register                                  </text>
        <url> </url>
        <entry>
          <text>Enquiry: contractor particulars                        </text>
          <url>Javascript:placeTitle('#WI02PE  ')</url>
        </entry>
        <entry>
          <text>Enquiry: contractor business detail                    </text>
          <url>Javascript:placeTitle('#WI04PE  ')</url>
        </entry>
        <entry>
          <text>D/l report: contractor detail                          </text>
          <url>Javascript:placeTitle('#WI07PE  ')</url>
        </entry>
      </entry>
      <entry>
        <text>Notes i.r.o. contractors                               </text>
        <url> </url>
        <entry>
          <text>Update : remarks/notes on contractors                  </text>
          <url>Javascript:placeTitle('#WI05PU  ')</url>
        </entry>
        <entry>
          <text>Enquiry: remarks/notes on contractors                  </text>
          <url>Javascript:placeTitle('#WI06PE  ')</url>
        </entry>
      </entry>
      <entry>
        <text>Consultant s register                                  </text>
        <url> </url>
        <entry>
          <text>Enquiry: consultant particulars                        </text>
          <url>Javascript:placeTitle('#WH02PE  ')</url>
        </entry>
        <entry>
          <text>Enquiry: consultant personnel standing                 </text>
          <url>Javascript:placeTitle('#WH04PE  ')</url>
        </entry>
        <entry>
          <text>Enquiry: consultant speciality/activities              </text>
          <url>Javascript:placeTitle('#WH06PE  ')</url>
        </entry>
        <entry>
          <text>Enquiry: consultant branch office information          </text>
          <url>Javascript:placeTitle('#WH08PE  ')</url>
        </entry>
        <entry>
          <text>Enquiry: consultant partner information                </text>
          <url>Javascript:placeTitle('#WH10PE  ')</url>
        </entry>
      </entry>
      <entry>
        <text>Notes i.r.o. consultants                               </text>
        <url> </url>
        <entry>
          <text>Update : remarks/notes on consultants                  </text>
          <url>Javascript:placeTitle('#WH11PU  ')</url>
        </entry>
        <entry>
          <text>Enquiry: remarks/notes on consultants                  </text>
          <url>Javascript:placeTitle('#WH12PE  ')</url>
        </entry>
      </entry>
    </entry>
    <entry>
      <text>General                                                </text>
      <url> </url>
      <entry>
        <text>Download: function help text                           </text>
        <url>Javascript:placeTitle('#WBSMAN  ')</url>
      </entry>
      <entry>
        <text>Audit trail                                            </text>
        <url> </url>
        <entry>
          <text>Enquiry: audit trail per function, user or date        </text>
          <url>Javascript:placeTitle('#WY01PE  ')</url>
        </entry>
        <entry>
          <text>Enquiry: service status audit                          </text>
          <url>Javascript:placeTitle('#WA19PE  ')</url>
        </entry>
        <entry>
          <text>D/l report: audit trail per function                   </text>
          <url>Javascript:placeTitle('#WY56PE  ')</url>
        </entry>
      </entry>
    </entry>
  </entry>
</menu>